date,product_id,store_id,price,promotion,stock_level,units_sold
2022-01-01,Product_A,Store_1,11.43,1,94,122
2022-01-02,Product_A,Store_1,11.14,0,150,110
2022-01-03,Product_A,Store_1,8.02,0,207,94
2022-01-04,Product_A,Store_1,21.46,0,108,93
2022-01-05,Product_A,Store_1,16.41,0,83,95
2022-01-06,Product_A,Store_1,21.37,0,40,85
2022-01-07,Product_A,Store_1,10.15,0,103,87
2022-01-08,Product_A,Store_1,21.42,0,27,118
2022-01-09,Product_A,Store_1,24.62,0,153,97
2022-01-10,Product_A,Store_1,12.07,0,210,90
2022-01-11,Product_A,Store_1,24.0,0,34,101
2022-01-12,Product_A,Store_1,19.46,0,209,93
2022-01-13,Product_A,Store_1,20.91,0,236,98
2022-01-14,Product_A,Store_1,25.65,0,84,112
2022-01-15,Product_A,Store_1,8.12,0,158,104
2022-01-16,Product_A,Store_1,24.04,0,52,117
2022-01-17,Product_A,Store_1,26.7,0,31,103
2022-01-18,Product_A,Store_1,22.71,0,56,99
2022-01-19,Product_A,Store_1,16.42,0,194,102
2022-01-20,Product_A,Store_1,23.88,0,161,81
2022-01-21,Product_A,Store_1,17.67,0,198,92
2022-01-22,Product_A,Store_1,18.46,0,115,116
2022-01-23,Product_A,Store_1,24.62,0,55,108
2022-01-24,Product_A,Store_1,14.37,1,105,110
2022-01-25,Product_A,Store_1,17.16,1,209,109
2022-01-26,Product_A,Store_1,15.84,0,209,97
2022-01-27,Product_A,Store_1,26.94,0,122,112
2022-01-28,Product_A,Store_1,17.18,0,184,97
2022-01-29,Product_A,Store_1,19.41,0,199,114
2022-01-30,Product_A,Store_1,13.54,0,149,120
2022-01-31,Product_A,Store_1,9.13,0,248,101
2022-02-01,Product_A,Store_1,13.27,0,149,126
2022-02-02,Product_A,Store_1,13.23,0,57,113
2022-02-03,Product_A,Store_1,21.94,0,158,109
2022-02-04,Product_A,Store_1,12.1,0,112,97
2022-02-05,Product_A,Store_1,8.36,1,214,182
2022-02-06,Product_A,Store_1,23.2,0,147,107
2022-02-07,Product_A,Store_1,11.03,0,239,108
2022-02-08,Product_A,Store_1,13.03,0,163,122
2022-02-09,Product_A,Store_1,29.92,0,159,107
2022-02-10,Product_A,Store_1,15.68,0,67,89
2022-02-11,Product_A,Store_1,27.52,0,139,116
2022-02-12,Product_A,Store_1,16.19,1,236,158
2022-02-13,Product_A,Store_1,14.25,0,129,137
2022-02-14,Product_A,Store_1,23.67,0,52,93
2022-02-15,Product_A,Store_1,16.06,0,155,112
2022-02-16,Product_A,Store_1,19.19,0,233,109
2022-02-17,Product_A,Store_1,29.41,0,128,87
2022-02-18,Product_A,Store_1,19.06,0,47,118
2022-02-19,Product_A,Store_1,12.3,0,80,126
2022-02-20,Product_A,Store_1,11.9,0,239,122
2022-02-21,Product_A,Store_1,16.14,0,56,105
2022-02-22,Product_A,Store_1,26.73,1,86,148
2022-02-23,Product_A,Store_1,16.68,0,73,92
2022-02-24,Product_A,Store_1,13.59,0,149,96
2022-02-25,Product_A,Store_1,23.33,0,62,121
2022-02-26,Product_A,Store_1,25.82,0,172,131
2022-02-27,Product_A,Store_1,19.03,0,192,117
2022-02-28,Product_A,Store_1,27.58,0,234,117
2022-03-01,Product_A,Store_1,10.07,0,234,115
2022-03-02,Product_A,Store_1,13.51,0,189,110
2022-03-03,Product_A,Store_1,19.49,0,72,110
2022-03-04,Product_A,Store_1,12.28,0,113,121
2022-03-05,Product_A,Store_1,23.97,0,32,122
2022-03-06,Product_A,Store_1,17.54,1,77,172
2022-03-07,Product_A,Store_1,12.06,0,81,104
2022-03-08,Product_A,Store_1,28.13,0,53,105
2022-03-09,Product_A,Store_1,22.52,0,136,111
2022-03-10,Product_A,Store_1,24.06,0,214,102
2022-03-11,Product_A,Store_1,11.49,0,105,129
2022-03-12,Product_A,Store_1,15.62,0,241,132
2022-03-13,Product_A,Store_1,28.88,0,119,131
2022-03-14,Product_A,Store_1,23.05,0,35,142
2022-03-15,Product_A,Store_1,8.58,0,147,111
2022-03-16,Product_A,Store_1,22.15,0,180,91
2022-03-17,Product_A,Store_1,21.77,0,84,123
2022-03-18,Product_A,Store_1,12.72,1,65,133
2022-03-19,Product_A,Store_1,15.4,0,109,117
2022-03-20,Product_A,Store_1,13.74,0,154,114
2022-03-21,Product_A,Store_1,27.3,0,183,123
2022-03-22,Product_A,Store_1,25.75,0,196,116
2022-03-23,Product_A,Store_1,16.18,0,115,104
2022-03-24,Product_A,Store_1,24.52,0,236,109
2022-03-25,Product_A,Store_1,27.86,0,81,122
2022-03-26,Product_A,Store_1,16.56,0,159,133
2022-03-27,Product_A,Store_1,10.01,1,218,161
2022-03-28,Product_A,Store_1,21.9,1,136,162
2022-03-29,Product_A,Store_1,15.23,0,142,117
2022-03-30,Product_A,Store_1,28.48,0,205,108
2022-03-31,Product_A,Store_1,9.23,0,182,113
2022-04-01,Product_A,Store_1,10.22,1,26,147
2022-04-02,Product_A,Store_1,9.6,0,197,140
2022-04-03,Product_A,Store_1,28.84,1,236,159
2022-04-04,Product_A,Store_1,16.28,0,178,106
2022-04-05,Product_A,Store_1,10.45,0,214,120
2022-04-06,Product_A,Store_1,20.57,0,167,109
2022-04-07,Product_A,Store_1,29.17,0,210,116
2022-04-08,Product_A,Store_1,27.11,0,185,126
2022-04-09,Product_A,Store_1,8.95,0,232,107
2022-04-10,Product_A,Store_1,13.57,1,166,188
2022-04-11,Product_A,Store_1,14.48,1,20,143
2022-04-12,Product_A,Store_1,27.83,0,204,105
2022-04-13,Product_A,Store_1,14.1,1,111,162
2022-04-14,Product_A,Store_1,15.77,0,197,103
2022-04-15,Product_A,Store_1,14.81,0,231,114
2022-04-16,Product_A,Store_1,10.93,0,54,144
2022-04-17,Product_A,Store_1,28.22,0,29,142
2022-04-18,Product_A,Store_1,8.58,1,52,117
2022-04-19,Product_A,Store_1,29.34,0,46,93
2022-04-20,Product_A,Store_1,18.31,0,118,124
2022-04-21,Product_A,Store_1,24.92,0,184,110
2022-04-22,Product_A,Store_1,13.44,0,97,110
2022-04-23,Product_A,Store_1,13.03,0,132,126
2022-04-24,Product_A,Store_1,15.88,0,91,130
2022-04-25,Product_A,Store_1,14.77,0,212,122
2022-04-26,Product_A,Store_1,9.94,0,76,108
2022-04-27,Product_A,Store_1,23.49,0,198,116
2022-04-28,Product_A,Store_1,15.71,1,117,176
2022-04-29,Product_A,Store_1,15.66,0,185,118
2022-04-30,Product_A,Store_1,16.72,0,125,122
2022-05-01,Product_A,Store_1,26.53,1,36,146
2022-05-02,Product_A,Store_1,9.01,0,25,123
2022-05-03,Product_A,Store_1,15.51,0,130,112
2022-05-04,Product_A,Store_1,11.34,0,137,94
2022-05-05,Product_A,Store_1,27.73,0,214,103
2022-05-06,Product_A,Store_1,11.79,0,141,97
2022-05-07,Product_A,Store_1,11.89,0,168,117
2022-05-08,Product_A,Store_1,18.14,0,109,114
2022-05-09,Product_A,Store_1,10.03,1,66,128
2022-05-10,Product_A,Store_1,11.45,0,67,95
2022-05-11,Product_A,Store_1,19.8,0,75,108
2022-05-12,Product_A,Store_1,24.72,0,97,107
2022-05-13,Product_A,Store_1,19.26,0,37,112
2022-05-14,Product_A,Store_1,16.74,0,211,124
2022-05-15,Product_A,Store_1,26.5,0,105,123
2022-05-16,Product_A,Store_1,27.59,0,231,93
2022-05-17,Product_A,Store_1,9.91,0,130,105
2022-05-18,Product_A,Store_1,20.9,0,102,120
2022-05-19,Product_A,Store_1,20.56,0,203,119
2022-05-20,Product_A,Store_1,21.33,0,52,92
2022-05-21,Product_A,Store_1,11.53,0,94,115
2022-05-22,Product_A,Store_1,11.81,0,74,113
2022-05-23,Product_A,Store_1,29.61,0,242,79
2022-05-24,Product_A,Store_1,29.33,1,23,149
2022-05-25,Product_A,Store_1,28.45,0,98,108
2022-05-26,Product_A,Store_1,14.16,0,63,93
2022-05-27,Product_A,Store_1,19.17,0,132,95
2022-05-28,Product_A,Store_1,21.43,0,83,99
2022-05-29,Product_A,Store_1,21.07,0,153,115
2022-05-30,Product_A,Store_1,20.07,0,157,107
2022-05-31,Product_A,Store_1,11.05,1,92,128
2022-06-01,Product_A,Store_1,18.41,0,57,104
2022-06-02,Product_A,Store_1,28.52,0,222,95
2022-06-03,Product_A,Store_1,16.34,1,20,147
2022-06-04,Product_A,Store_1,25.59,0,54,121
2022-06-05,Product_A,Store_1,13.19,0,97,122
2022-06-06,Product_A,Store_1,23.03,0,91,108
2022-06-07,Product_A,Store_1,27.79,0,144,82
2022-06-08,Product_A,Store_1,15.82,0,213,119
2022-06-09,Product_A,Store_1,13.04,0,58,83
2022-06-10,Product_A,Store_1,23.26,0,34,111
2022-06-11,Product_A,Store_1,19.74,1,174,156
2022-06-12,Product_A,Store_1,25.13,0,52,121
2022-06-13,Product_A,Store_1,23.71,0,24,108
2022-06-14,Product_A,Store_1,16.33,1,128,150
2022-06-15,Product_A,Store_1,25.54,0,24,87
2022-06-16,Product_A,Store_1,22.11,0,183,106
2022-06-17,Product_A,Store_1,15.61,0,30,106
2022-06-18,Product_A,Store_1,18.16,1,65,152
2022-06-19,Product_A,Store_1,20.9,0,209,126
2022-06-20,Product_A,Store_1,23.33,0,139,96
2022-06-21,Product_A,Store_1,16.24,0,156,102
2022-06-22,Product_A,Store_1,12.1,0,234,88
2022-06-23,Product_A,Store_1,21.37,1,194,148
2022-06-24,Product_A,Store_1,21.28,0,54,100
2022-06-25,Product_A,Store_1,27.0,0,57,102
2022-06-26,Product_A,Store_1,20.92,0,206,117
2022-06-27,Product_A,Store_1,20.71,0,199,93
2022-06-28,Product_A,Store_1,14.11,0,173,103
2022-06-29,Product_A,Store_1,19.33,0,100,85
2022-06-30,Product_A,Store_1,29.93,1,68,123
2022-07-01,Product_A,Store_1,9.48,0,234,90
2022-07-02,Product_A,Store_1,21.75,0,240,102
2022-07-03,Product_A,Store_1,20.92,0,20,85
2022-07-04,Product_A,Store_1,18.93,0,198,75
2022-07-05,Product_A,Store_1,15.36,0,74,118
2022-07-06,Product_A,Store_1,19.58,1,244,146
2022-07-07,Product_A,Store_1,26.48,0,154,87
2022-07-08,Product_A,Store_1,12.31,0,91,73
2022-07-09,Product_A,Store_1,11.93,0,116,107
2022-07-10,Product_A,Store_1,23.89,0,139,101
2022-07-11,Product_A,Store_1,16.74,0,184,84
2022-07-12,Product_A,Store_1,8.29,0,26,94
2022-07-13,Product_A,Store_1,8.58,0,144,84
2022-07-14,Product_A,Store_1,25.98,1,167,144
2022-07-15,Product_A,Store_1,15.99,0,138,85
2022-07-16,Product_A,Store_1,15.98,0,72,113
2022-07-17,Product_A,Store_1,25.15,0,100,94
2022-07-18,Product_A,Store_1,8.49,1,33,124
2022-07-19,Product_A,Store_1,21.94,0,122,99
2022-07-20,Product_A,Store_1,13.99,0,94,72
2022-07-21,Product_A,Store_1,25.93,0,60,86
2022-07-22,Product_A,Store_1,23.84,0,136,84
2022-07-23,Product_A,Store_1,13.8,0,50,73
2022-07-24,Product_A,Store_1,18.87,1,157,165
2022-07-25,Product_A,Store_1,16.9,1,209,115
2022-07-26,Product_A,Store_1,9.82,0,55,88
2022-07-27,Product_A,Store_1,16.56,0,59,76
2022-07-28,Product_A,Store_1,20.46,0,117,73
2022-07-29,Product_A,Store_1,28.61,0,88,93
2022-07-30,Product_A,Store_1,26.51,0,100,85
2022-07-31,Product_A,Store_1,21.71,0,213,98
2022-08-01,Product_A,Store_1,23.51,0,123,71
2022-08-02,Product_A,Store_1,9.67,0,248,63
2022-08-03,Product_A,Store_1,29.17,0,36,91
2022-08-04,Product_A,Store_1,19.92,1,235,105
2022-08-05,Product_A,Store_1,23.23,0,217,86
2022-08-06,Product_A,Store_1,18.77,1,162,143
2022-08-07,Product_A,Store_1,8.75,0,136,103
2022-08-08,Product_A,Store_1,29.36,0,234,81
2022-08-09,Product_A,Store_1,15.02,0,122,79
2022-08-10,Product_A,Store_1,16.02,0,127,79
2022-08-11,Product_A,Store_1,17.7,0,234,79
2022-08-12,Product_A,Store_1,25.69,0,23,88
2022-08-13,Product_A,Store_1,17.39,0,127,94
2022-08-14,Product_A,Store_1,27.14,0,177,110
2022-08-15,Product_A,Store_1,25.57,0,58,85
2022-08-16,Product_A,Store_1,24.88,0,240,78
2022-08-17,Product_A,Store_1,17.27,0,152,72
2022-08-18,Product_A,Store_1,18.28,0,139,91
2022-08-19,Product_A,Store_1,14.1,0,200,83
2022-08-20,Product_A,Store_1,10.41,1,140,135
2022-08-21,Product_A,Store_1,29.61,0,82,97
2022-08-22,Product_A,Store_1,27.88,1,245,90
2022-08-23,Product_A,Store_1,19.28,0,93,87
2022-08-24,Product_A,Store_1,8.81,0,22,91
2022-08-25,Product_A,Store_1,23.31,0,235,89
2022-08-26,Product_A,Store_1,12.94,1,139,123
2022-08-27,Product_A,Store_1,10.01,0,124,105
2022-08-28,Product_A,Store_1,18.49,0,214,107
2022-08-29,Product_A,Store_1,28.49,1,158,105
2022-08-30,Product_A,Store_1,13.56,0,57,72
2022-08-31,Product_A,Store_1,29.17,0,195,74
2022-09-01,Product_A,Store_1,29.81,0,133,67
2022-09-02,Product_A,Store_1,20.57,0,59,83
2022-09-03,Product_A,Store_1,27.02,0,52,89
2022-09-04,Product_A,Store_1,11.46,1,67,122
2022-09-05,Product_A,Store_1,28.46,0,119,79
2022-09-06,Product_A,Store_1,29.15,0,50,75
2022-09-07,Product_A,Store_1,26.04,0,200,71
2022-09-08,Product_A,Store_1,12.25,0,32,65
2022-09-09,Product_A,Store_1,10.55,0,117,81
2022-09-10,Product_A,Store_1,14.23,0,218,85
2022-09-11,Product_A,Store_1,26.48,0,175,89
2022-09-12,Product_A,Store_1,11.82,0,247,80
2022-09-13,Product_A,Store_1,11.66,0,31,79
2022-09-14,Product_A,Store_1,9.64,0,229,65
2022-09-15,Product_A,Store_1,17.81,1,246,119
2022-09-16,Product_A,Store_1,24.95,0,77,70
2022-09-17,Product_A,Store_1,14.02,0,48,66
2022-09-18,Product_A,Store_1,25.49,1,176,128
2022-09-19,Product_A,Store_1,9.81,0,225,70
2022-09-20,Product_A,Store_1,28.76,0,227,69
2022-09-21,Product_A,Store_1,16.75,1,204,99
2022-09-22,Product_A,Store_1,24.41,0,182,83
2022-09-23,Product_A,Store_1,23.73,0,37,62
2022-09-24,Product_A,Store_1,12.48,1,112,109
2022-09-25,Product_A,Store_1,17.98,0,69,88
2022-09-26,Product_A,Store_1,28.06,0,141,65
2022-09-27,Product_A,Store_1,18.59,0,225,80
2022-09-28,Product_A,Store_1,18.82,0,82,57
2022-09-29,Product_A,Store_1,25.55,0,158,68
2022-09-30,Product_A,Store_1,21.2,1,51,102
2022-10-01,Product_A,Store_1,26.92,0,121,62
2022-10-02,Product_A,Store_1,13.32,1,140,106
2022-10-03,Product_A,Store_1,18.98,0,105,71
2022-10-04,Product_A,Store_1,15.18,0,21,69
2022-10-05,Product_A,Store_1,9.82,0,96,71
2022-10-06,Product_A,Store_1,26.07,0,125,77
2022-10-07,Product_A,Store_1,22.0,0,214,61
2022-10-08,Product_A,Store_1,27.16,1,197,132
2022-10-09,Product_A,Store_1,15.47,0,146,90
2022-10-10,Product_A,Store_1,25.24,0,146,93
2022-10-11,Product_A,Store_1,9.8,0,31,83
2022-10-12,Product_A,Store_1,15.24,0,119,95
2022-10-13,Product_A,Store_1,25.37,0,202,67
2022-10-14,Product_A,Store_1,18.85,0,175,77
2022-10-15,Product_A,Store_1,12.85,0,201,67
2022-10-16,Product_A,Store_1,29.14,0,205,83
2022-10-17,Product_A,Store_1,21.83,0,239,75
2022-10-18,Product_A,Store_1,19.31,0,124,103
2022-10-19,Product_A,Store_1,18.71,0,85,75
2022-10-20,Product_A,Store_1,21.03,0,144,56
2022-10-21,Product_A,Store_1,21.89,0,162,66
2022-10-22,Product_A,Store_1,11.95,0,191,92
2022-10-23,Product_A,Store_1,11.98,0,88,90
2022-10-24,Product_A,Store_1,21.04,0,89,50
2022-10-25,Product_A,Store_1,29.33,0,85,75
2022-10-26,Product_A,Store_1,10.88,1,64,108
2022-10-27,Product_A,Store_1,13.19,0,214,66
2022-10-28,Product_A,Store_1,26.24,0,20,52
2022-10-29,Product_A,Store_1,21.58,0,20,91
2022-10-30,Product_A,Store_1,15.85,0,223,102
2022-10-31,Product_A,Store_1,27.01,0,153,57
2022-11-01,Product_A,Store_1,19.69,0,39,73
2022-11-02,Product_A,Store_1,10.69,0,217,73
2022-11-03,Product_A,Store_1,23.14,0,39,76
2022-11-04,Product_A,Store_1,23.09,1,145,108
2022-11-05,Product_A,Store_1,19.34,1,197,136
2022-11-06,Product_A,Store_1,11.07,0,147,100
2022-11-07,Product_A,Store_1,11.57,0,104,75
2022-11-08,Product_A,Store_1,11.44,0,121,76
2022-11-09,Product_A,Store_1,29.53,1,190,124
2022-11-10,Product_A,Store_1,21.59,0,155,63
2022-11-11,Product_A,Store_1,28.21,1,20,109
2022-11-12,Product_A,Store_1,26.19,0,67,88
2022-11-13,Product_A,Store_1,21.31,0,82,81
2022-11-14,Product_A,Store_1,27.16,1,92,116
2022-11-15,Product_A,Store_1,16.89,0,151,82
2022-11-16,Product_A,Store_1,27.83,0,160,80
2022-11-17,Product_A,Store_1,14.53,0,218,74
2022-11-18,Product_A,Store_1,21.86,0,218,87
2022-11-19,Product_A,Store_1,13.23,0,54,83
2022-11-20,Product_A,Store_1,20.92,0,219,71
2022-11-21,Product_A,Store_1,19.93,0,91,78
2022-11-22,Product_A,Store_1,28.11,0,240,94
2022-11-23,Product_A,Store_1,13.41,0,247,79
2022-11-24,Product_A,Store_1,25.89,0,127,67
2022-11-25,Product_A,Store_1,13.36,1,222,127
2022-11-26,Product_A,Store_1,28.56,0,233,97
2022-11-27,Product_A,Store_1,14.27,0,46,78
2022-11-28,Product_A,Store_1,19.86,1,163,126
2022-11-29,Product_A,Store_1,17.1,0,108,70
2022-11-30,Product_A,Store_1,22.98,0,93,90
2022-12-01,Product_A,Store_1,20.48,0,61,75
2022-12-02,Product_A,Store_1,18.64,1,26,123
2022-12-03,Product_A,Store_1,27.45,0,156,108
2022-12-04,Product_A,Store_1,21.44,0,141,101
2022-12-05,Product_A,Store_1,13.62,0,87,85
2022-12-06,Product_A,Store_1,26.73,0,186,97
2022-12-07,Product_A,Store_1,17.33,0,88,77
2022-12-08,Product_A,Store_1,27.12,0,180,87
2022-12-09,Product_A,Store_1,13.07,0,218,78
2022-12-10,Product_A,Store_1,13.65,0,96,89
2022-12-11,Product_A,Store_1,17.42,0,186,91
2022-12-12,Product_A,Store_1,29.81,0,207,101
2022-12-13,Product_A,Store_1,14.03,0,55,90
2022-12-14,Product_A,Store_1,21.11,0,92,101
2022-12-15,Product_A,Store_1,19.42,0,149,79
2022-12-16,Product_A,Store_1,22.08,0,27,84
2022-12-17,Product_A,Store_1,15.33,1,89,103
2022-12-18,Product_A,Store_1,15.98,0,54,105
2022-12-19,Product_A,Store_1,9.95,0,216,95
2022-12-20,Product_A,Store_1,24.61,0,74,69
2022-12-21,Product_A,Store_1,15.65,0,159,103
2022-12-22,Product_A,Store_1,28.4,1,42,107
2022-12-23,Product_A,Store_1,22.77,0,103,80
2022-12-24,Product_A,Store_1,25.33,0,51,111
2022-12-25,Product_A,Store_1,9.39,0,55,91
2022-12-26,Product_A,Store_1,16.38,0,21,89
2022-12-27,Product_A,Store_1,14.15,1,173,130
2022-12-28,Product_A,Store_1,28.23,0,190,90
2022-12-29,Product_A,Store_1,16.74,0,185,90
2022-12-30,Product_A,Store_1,22.83,0,177,66
2022-12-31,Product_A,Store_1,9.78,0,168,99
2023-01-01,Product_A,Store_1,23.29,0,229,116
2023-01-02,Product_A,Store_1,10.92,1,73,139
2023-01-03,Product_A,Store_1,18.72,0,129,96
2023-01-04,Product_A,Store_1,18.52,1,215,106
2023-01-05,Product_A,Store_1,9.76,0,31,96
2023-01-06,Product_A,Store_1,27.27,1,240,150
2023-01-07,Product_A,Store_1,8.01,0,62,109
2023-01-08,Product_A,Store_1,9.28,0,30,106
2023-01-09,Product_A,Store_1,23.29,0,220,109
2023-01-10,Product_A,Store_1,23.23,0,116,88
2023-01-11,Product_A,Store_1,13.04,0,120,91
2023-01-12,Product_A,Store_1,17.37,0,82,100
2023-01-13,Product_A,Store_1,16.09,0,111,118
2023-01-14,Product_A,Store_1,8.24,0,149,119
2023-01-15,Product_A,Store_1,8.42,0,98,118
2023-01-16,Product_A,Store_1,12.73,0,232,97
2023-01-17,Product_A,Store_1,12.37,0,248,85
2023-01-18,Product_A,Store_1,22.21,1,168,138
2023-01-19,Product_A,Store_1,10.8,0,53,89
2023-01-20,Product_A,Store_1,16.68,0,185,74
2023-01-21,Product_A,Store_1,10.93,0,211,108
2023-01-22,Product_A,Store_1,28.47,0,207,111
2023-01-23,Product_A,Store_1,22.02,0,53,95
2023-01-24,Product_A,Store_1,9.47,0,107,112
2023-01-25,Product_A,Store_1,24.22,1,212,139
2023-01-26,Product_A,Store_1,9.57,0,171,96
2023-01-27,Product_A,Store_1,24.23,0,77,102
2023-01-28,Product_A,Store_1,22.55,0,47,127
2023-01-29,Product_A,Store_1,20.09,0,115,109
2023-01-30,Product_A,Store_1,16.4,0,197,107
2023-01-31,Product_A,Store_1,21.53,0,97,114
2023-02-01,Product_A,Store_1,29.31,0,168,95
2023-02-02,Product_A,Store_1,29.56,0,137,102
2023-02-03,Product_A,Store_1,22.44,0,30,109
2023-02-04,Product_A,Store_1,28.42,0,202,123
2023-02-05,Product_A,Store_1,21.48,0,41,100
2023-02-06,Product_A,Store_1,10.67,0,51,83
2023-02-07,Product_A,Store_1,26.95,0,31,111
2023-02-08,Product_A,Store_1,21.99,1,168,134
2023-02-09,Product_A,Store_1,9.18,1,105,150
2023-02-10,Product_A,Store_1,28.62,0,48,106
2023-02-11,Product_A,Store_1,25.99,0,114,123
2023-02-12,Product_A,Store_1,26.5,0,224,113
2023-02-13,Product_A,Store_1,14.55,0,38,107
2023-02-14,Product_A,Store_1,27.21,0,130,131
2023-02-15,Product_A,Store_1,8.21,1,148,160
2023-02-16,Product_A,Store_1,29.82,0,123,93
2023-02-17,Product_A,Store_1,24.13,0,238,108
2023-02-18,Product_A,Store_1,19.85,0,183,107
2023-02-19,Product_A,Store_1,8.24,0,140,124
2023-02-20,Product_A,Store_1,15.19,1,242,148
2023-02-21,Product_A,Store_1,27.5,0,246,124
2023-02-22,Product_A,Store_1,17.08,0,122,103
2023-02-23,Product_A,Store_1,16.53,0,36,103
2023-02-24,Product_A,Store_1,19.22,0,22,103
2023-02-25,Product_A,Store_1,9.16,0,43,130
2023-02-26,Product_A,Store_1,21.25,0,207,112
2023-02-27,Product_A,Store_1,25.27,0,249,106
2023-02-28,Product_A,Store_1,19.38,0,195,103
2023-03-01,Product_A,Store_1,9.95,0,135,101
2023-03-02,Product_A,Store_1,24.18,0,222,90
2023-03-03,Product_A,Store_1,25.28,0,238,127
2023-03-04,Product_A,Store_1,24.44,0,122,113
2023-03-05,Product_A,Store_1,29.55,0,22,127
2023-03-06,Product_A,Store_1,26.3,0,217,95
2023-03-07,Product_A,Store_1,27.2,0,112,104
2023-03-08,Product_A,Store_1,25.66,0,93,93
2023-03-09,Product_A,Store_1,17.61,1,76,164
2023-03-10,Product_A,Store_1,28.3,0,236,127
2023-03-11,Product_A,Store_1,29.45,1,163,182
2023-03-12,Product_A,Store_1,25.09,0,63,118
2023-03-13,Product_A,Store_1,15.64,0,146,86
2023-03-14,Product_A,Store_1,22.6,0,167,119
2023-03-15,Product_A,Store_1,25.33,0,161,122
2023-03-16,Product_A,Store_1,13.64,0,150,106
2023-03-17,Product_A,Store_1,29.38,0,147,97
2023-03-18,Product_A,Store_1,11.33,1,215,201
2023-03-19,Product_A,Store_1,29.57,0,80,130
2023-03-20,Product_A,Store_1,23.57,1,36,188
2023-03-21,Product_A,Store_1,11.1,0,41,108
2023-03-22,Product_A,Store_1,10.15,0,163,122
2023-03-23,Product_A,Store_1,19.28,0,207,104
2023-03-24,Product_A,Store_1,9.14,0,82,111
2023-03-25,Product_A,Store_1,15.26,0,129,119
2023-03-26,Product_A,Store_1,12.51,0,232,121
2023-03-27,Product_A,Store_1,20.28,0,85,127
2023-03-28,Product_A,Store_1,28.0,0,116,115
2023-03-29,Product_A,Store_1,26.09,0,197,114
2023-03-30,Product_A,Store_1,29.22,0,31,103
2023-03-31,Product_A,Store_1,14.08,0,91,124
2023-04-01,Product_A,Store_1,28.13,0,123,119
2023-04-02,Product_A,Store_1,21.5,0,128,114
2023-04-03,Product_A,Store_1,19.16,1,239,172
2023-04-04,Product_A,Store_1,11.35,0,23,114
2023-04-05,Product_A,Store_1,27.41,0,31,119
2023-04-06,Product_A,Store_1,10.69,0,177,111
2023-04-07,Product_A,Store_1,29.94,0,242,114
2023-04-08,Product_A,Store_1,8.65,0,167,120
2023-04-09,Product_A,Store_1,29.42,1,239,153
2023-04-10,Product_A,Store_1,14.92,1,158,186
2023-04-11,Product_A,Store_1,15.87,1,245,142
2023-04-12,Product_A,Store_1,23.66,0,237,101
2023-04-13,Product_A,Store_1,17.24,0,53,106
2023-04-14,Product_A,Store_1,21.66,0,169,118
2023-04-15,Product_A,Store_1,26.56,0,110,138
2023-04-16,Product_A,Store_1,14.93,0,175,121
2023-04-17,Product_A,Store_1,26.83,0,143,113
2023-04-18,Product_A,Store_1,27.06,1,66,150
2023-04-19,Product_A,Store_1,8.73,0,136,104
2023-04-20,Product_A,Store_1,25.76,0,96,108
2023-04-21,Product_A,Store_1,27.23,1,238,165
2023-04-22,Product_A,Store_1,12.99,0,91,109
2023-04-23,Product_A,Store_1,29.49,0,97,110
2023-04-24,Product_A,Store_1,29.26,0,169,106
2023-04-25,Product_A,Store_1,29.4,1,150,147
2023-04-26,Product_A,Store_1,21.82,0,140,119
2023-04-27,Product_A,Store_1,12.81,0,200,130
2023-04-28,Product_A,Store_1,26.14,0,72,92
2023-04-29,Product_A,Store_1,24.35,0,215,129
2023-04-30,Product_A,Store_1,21.05,0,188,128
2023-05-01,Product_A,Store_1,13.27,1,132,153
2023-05-02,Product_A,Store_1,9.4,0,39,109
2023-05-03,Product_A,Store_1,24.23,0,220,120
2023-05-04,Product_A,Store_1,28.03,1,193,126
2023-05-05,Product_A,Store_1,27.64,0,112,110
2023-05-06,Product_A,Store_1,23.46,0,151,135
2023-05-07,Product_A,Store_1,10.29,0,169,140
2023-05-08,Product_A,Store_1,21.21,0,202,112
2023-05-09,Product_A,Store_1,21.95,1,25,136
2023-05-10,Product_A,Store_1,9.0,1,155,140
2023-05-11,Product_A,Store_1,17.91,0,128,85
2023-05-12,Product_A,Store_1,18.43,0,196,81
2023-05-13,Product_A,Store_1,26.79,0,132,107
2023-05-14,Product_A,Store_1,25.66,0,196,118
2023-05-15,Product_A,Store_1,25.97,0,68,98
2023-05-16,Product_A,Store_1,20.65,0,58,116
2023-05-17,Product_A,Store_1,8.99,0,158,106
2023-05-18,Product_A,Store_1,27.41,0,208,120
2023-05-19,Product_A,Store_1,22.84,0,180,98
2023-05-20,Product_A,Store_1,8.89,0,103,128
2023-05-21,Product_A,Store_1,22.64,0,180,125
2023-05-22,Product_A,Store_1,20.09,0,132,106
2023-05-23,Product_A,Store_1,24.5,0,21,96
2023-05-24,Product_A,Store_1,8.22,0,229,115
2023-05-25,Product_A,Store_1,21.48,0,47,86
2023-05-26,Product_A,Store_1,11.13,0,100,104
2023-05-27,Product_A,Store_1,14.49,0,84,110
2023-05-28,Product_A,Store_1,24.04,0,57,98
2023-05-29,Product_A,Store_1,16.89,0,192,110
2023-05-30,Product_A,Store_1,25.56,0,214,99
2023-05-31,Product_A,Store_1,24.71,0,42,116
2023-06-01,Product_A,Store_1,23.52,0,180,114
2023-06-02,Product_A,Store_1,11.67,0,184,84
2023-06-03,Product_A,Store_1,11.4,0,176,113
2023-06-04,Product_A,Store_1,22.01,0,190,123
2023-06-05,Product_A,Store_1,22.9,0,88,83
2023-06-06,Product_A,Store_1,20.31,0,50,92
2023-06-07,Product_A,Store_1,10.18,0,193,88
2023-06-08,Product_A,Store_1,11.52,0,69,100
2023-06-09,Product_A,Store_1,26.38,0,56,88
2023-06-10,Product_A,Store_1,18.43,1,153,169
2023-06-11,Product_A,Store_1,16.48,0,41,112
2023-06-12,Product_A,Store_1,18.51,0,160,102
2023-06-13,Product_A,Store_1,15.84,0,117,104
2023-06-14,Product_A,Store_1,15.53,0,40,92
2023-06-15,Product_A,Store_1,20.83,1,144,143
2023-06-16,Product_A,Store_1,18.76,0,198,98
2023-06-17,Product_A,Store_1,20.53,0,38,114
2023-06-18,Product_A,Store_1,11.26,0,24,120
2023-06-19,Product_A,Store_1,15.78,0,66,112
2023-06-20,Product_A,Store_1,24.41,1,239,151
2023-06-21,Product_A,Store_1,29.33,0,134,90
2023-06-22,Product_A,Store_1,18.82,0,202,94
2023-06-23,Product_A,Store_1,17.71,0,174,121
2023-06-24,Product_A,Store_1,27.04,0,225,118
2023-06-25,Product_A,Store_1,20.62,0,128,114
2023-06-26,Product_A,Store_1,9.31,0,192,100
2023-06-27,Product_A,Store_1,19.23,0,208,92
2023-06-28,Product_A,Store_1,24.78,1,41,138
2023-06-29,Product_A,Store_1,14.59,0,227,84
2023-06-30,Product_A,Store_1,24.13,0,49,96
2023-07-01,Product_A,Store_1,8.31,1,84,155
2023-07-02,Product_A,Store_1,24.29,0,56,115
2023-07-03,Product_A,Store_1,24.85,0,183,98
2023-07-04,Product_A,Store_1,16.78,0,53,102
2023-07-05,Product_A,Store_1,15.67,0,22,83
2023-07-06,Product_A,Store_1,28.85,0,53,88
2023-07-07,Product_A,Store_1,9.69,0,138,71
2023-07-08,Product_A,Store_1,18.52,0,85,106
2023-07-09,Product_A,Store_1,26.99,0,214,93
2023-07-10,Product_A,Store_1,11.35,0,74,95
2023-07-11,Product_A,Store_1,20.08,1,177,148
2023-07-12,Product_A,Store_1,12.72,1,38,131
2023-07-13,Product_A,Store_1,27.07,0,93,93
2023-07-14,Product_A,Store_1,20.2,0,167,79
2023-07-15,Product_A,Store_1,14.67,0,98,86
2023-07-16,Product_A,Store_1,11.14,0,234,99
2023-07-17,Product_A,Store_1,10.94,0,117,68
2023-07-18,Product_A,Store_1,16.85,0,204,85
2023-07-19,Product_A,Store_1,26.47,0,188,82
2023-07-20,Product_A,Store_1,28.48,0,140,87
2023-07-21,Product_A,Store_1,20.58,0,101,95
2023-07-22,Product_A,Store_1,17.29,1,217,133
2023-07-23,Product_A,Store_1,8.93,0,176,92
2023-07-24,Product_A,Store_1,26.57,0,202,87
2023-07-25,Product_A,Store_1,12.02,0,43,89
2023-07-26,Product_A,Store_1,22.87,0,44,80
2023-07-27,Product_A,Store_1,29.99,0,164,105
2023-07-28,Product_A,Store_1,19.01,0,60,78
2023-07-29,Product_A,Store_1,8.06,0,218,110
2023-07-30,Product_A,Store_1,20.15,0,119,103
2023-07-31,Product_A,Store_1,24.07,1,233,126
2023-08-01,Product_A,Store_1,21.37,0,181,78
2023-08-02,Product_A,Store_1,14.94,0,191,94
2023-08-03,Product_A,Store_1,18.3,0,84,89
2023-08-04,Product_A,Store_1,25.2,1,72,144
2023-08-05,Product_A,Store_1,8.32,0,184,100
2023-08-06,Product_A,Store_1,16.89,1,36,114
2023-08-07,Product_A,Store_1,23.95,1,172,96
2023-08-08,Product_A,Store_1,25.03,1,194,112
2023-08-09,Product_A,Store_1,29.47,0,46,90
2023-08-10,Product_A,Store_1,17.58,0,243,67
2023-08-11,Product_A,Store_1,24.26,0,26,74
2023-08-12,Product_A,Store_1,26.64,0,220,95
2023-08-13,Product_A,Store_1,25.23,0,236,93
2023-08-14,Product_A,Store_1,21.27,0,224,81
2023-08-15,Product_A,Store_1,22.78,0,23,79
2023-08-16,Product_A,Store_1,22.32,1,94,107
2023-08-17,Product_A,Store_1,25.09,1,36,108
2023-08-18,Product_A,Store_1,25.19,0,64,80
2023-08-19,Product_A,Store_1,25.84,0,123,81
2023-08-20,Product_A,Store_1,15.59,1,71,129
2023-08-21,Product_A,Store_1,23.57,0,45,84
2023-08-22,Product_A,Store_1,8.98,0,180,60
2023-08-23,Product_A,Store_1,24.74,1,243,121
2023-08-24,Product_A,Store_1,28.43,0,209,76
2023-08-25,Product_A,Store_1,11.97,0,242,79
2023-08-26,Product_A,Store_1,27.75,0,127,89
2023-08-27,Product_A,Store_1,25.45,0,30,101
2023-08-28,Product_A,Store_1,18.96,0,203,77
2023-08-29,Product_A,Store_1,19.5,0,95,66
2023-08-30,Product_A,Store_1,23.36,0,62,66
2023-08-31,Product_A,Store_1,29.28,0,27,87
2023-09-01,Product_A,Store_1,13.1,0,190,66
2023-09-02,Product_A,Store_1,20.43,0,105,99
2023-09-03,Product_A,Store_1,16.29,1,175,121
2023-09-04,Product_A,Store_1,12.89,0,123,79
2023-09-05,Product_A,Store_1,13.41,0,112,67
2023-09-06,Product_A,Store_1,8.01,0,247,81
2023-09-07,Product_A,Store_1,19.28,0,90,73
2023-09-08,Product_A,Store_1,10.0,0,113,79
2023-09-09,Product_A,Store_1,25.33,1,135,127
2023-09-10,Product_A,Store_1,17.14,0,212,97
2023-09-11,Product_A,Store_1,8.86,0,141,57
2023-09-12,Product_A,Store_1,27.07,1,188,113
2023-09-13,Product_A,Store_1,17.41,1,95,101
2023-09-14,Product_A,Store_1,11.16,0,218,89
2023-09-15,Product_A,Store_1,24.79,1,42,95
2023-09-16,Product_A,Store_1,19.98,0,128,98
2023-09-17,Product_A,Store_1,21.99,0,238,82
2023-09-18,Product_A,Store_1,27.35,0,148,72
2023-09-19,Product_A,Store_1,15.76,0,23,80
2023-09-20,Product_A,Store_1,9.0,0,135,79
2023-09-21,Product_A,Store_1,19.7,0,207,81
2023-09-22,Product_A,Store_1,23.91,0,187,49
2023-09-23,Product_A,Store_1,27.42,0,105,86
2023-09-24,Product_A,Store_1,14.82,0,183,84
2023-09-25,Product_A,Store_1,27.71,0,120,77
2023-09-26,Product_A,Store_1,13.97,0,204,85
2023-09-27,Product_A,Store_1,22.54,0,78,86
2023-09-28,Product_A,Store_1,8.45,0,181,54
2023-09-29,Product_A,Store_1,18.6,0,36,79
2023-09-30,Product_A,Store_1,10.86,0,120,72
2023-10-01,Product_A,Store_1,29.39,0,146,78
2023-10-02,Product_A,Store_1,11.96,0,186,76
2023-10-03,Product_A,Store_1,8.68,0,188,67
2023-10-04,Product_A,Store_1,12.69,0,103,80
2023-10-05,Product_A,Store_1,22.76,1,128,96
2023-10-06,Product_A,Store_1,14.86,1,237,87
2023-10-07,Product_A,Store_1,8.35,0,62,94
2023-10-08,Product_A,Store_1,25.55,0,52,84
2023-10-09,Product_A,Store_1,23.54,1,244,95
2023-10-10,Product_A,Store_1,17.45,1,216,138
2023-10-11,Product_A,Store_1,25.79,0,114,75
2023-10-12,Product_A,Store_1,14.96,0,41,68
2023-10-13,Product_A,Store_1,28.58,0,133,69
2023-10-14,Product_A,Store_1,21.82,0,227,82
2023-10-15,Product_A,Store_1,14.75,0,46,69
2023-10-16,Product_A,Store_1,15.35,0,76,76
2023-10-17,Product_A,Store_1,23.08,1,216,90
2023-10-18,Product_A,Store_1,16.23,0,215,55
2023-10-19,Product_A,Store_1,12.38,1,166,122
2023-10-20,Product_A,Store_1,10.23,0,48,86
2023-10-21,Product_A,Store_1,10.27,0,77,91
2023-10-22,Product_A,Store_1,12.18,0,231,87
2023-10-23,Product_A,Store_1,21.32,0,117,64
2023-10-24,Product_A,Store_1,21.88,0,43,73
2023-10-25,Product_A,Store_1,11.79,0,249,75
2023-10-26,Product_A,Store_1,21.18,0,103,62
2023-10-27,Product_A,Store_1,21.42,0,206,85
2023-10-28,Product_A,Store_1,27.05,0,84,98
2023-10-29,Product_A,Store_1,12.46,0,41,94
2023-10-30,Product_A,Store_1,22.96,0,47,77
2023-10-31,Product_A,Store_1,28.67,0,157,74
2023-11-01,Product_A,Store_1,22.79,0,195,81
2023-11-02,Product_A,Store_1,10.04,0,104,74
2023-11-03,Product_A,Store_1,26.95,1,151,119
2023-11-04,Product_A,Store_1,22.75,0,197,92
2023-11-05,Product_A,Store_1,22.39,0,170,74
2023-11-06,Product_A,Store_1,13.45,0,59,68
2023-11-07,Product_A,Store_1,12.74,0,180,66
2023-11-08,Product_A,Store_1,27.47,0,146,60
2023-11-09,Product_A,Store_1,25.31,0,150,64
2023-11-10,Product_A,Store_1,17.4,0,153,85
2023-11-11,Product_A,Store_1,13.91,0,47,83
2023-11-12,Product_A,Store_1,18.0,1,208,158
2023-11-13,Product_A,Store_1,17.41,1,183,139
2023-11-14,Product_A,Store_1,19.0,0,158,72
2023-11-15,Product_A,Store_1,14.62,0,154,90
2023-11-16,Product_A,Store_1,22.41,0,148,72
2023-11-17,Product_A,Store_1,11.53,1,152,131
2023-11-18,Product_A,Store_1,25.91,0,103,100
2023-11-19,Product_A,Store_1,14.36,0,215,96
2023-11-20,Product_A,Store_1,15.85,1,82,153
2023-11-21,Product_A,Store_1,25.36,0,74,90
2023-11-22,Product_A,Store_1,16.22,0,77,84
2023-11-23,Product_A,Store_1,15.01,1,80,143
2023-11-24,Product_A,Store_1,25.48,0,106,82
2023-11-25,Product_A,Store_1,18.16,0,177,73
2023-11-26,Product_A,Store_1,17.04,0,179,91
2023-11-27,Product_A,Store_1,17.45,0,123,61
2023-11-28,Product_A,Store_1,11.55,1,52,137
2023-11-29,Product_A,Store_1,27.6,0,225,98
2023-11-30,Product_A,Store_1,14.84,0,186,78
2023-12-01,Product_A,Store_1,15.38,0,145,77
2023-12-02,Product_A,Store_1,24.59,1,244,123
2023-12-03,Product_A,Store_1,17.06,0,212,99
2023-12-04,Product_A,Store_1,21.89,0,195,92
2023-12-05,Product_A,Store_1,17.66,1,107,128
2023-12-06,Product_A,Store_1,22.94,0,77,85
2023-12-07,Product_A,Store_1,8.4,0,36,78
2023-12-08,Product_A,Store_1,23.15,1,143,125
2023-12-09,Product_A,Store_1,23.34,1,75,155
2023-12-10,Product_A,Store_1,15.34,0,218,98
2023-12-11,Product_A,Store_1,26.05,0,188,96
2023-12-12,Product_A,Store_1,22.25,1,165,106
2023-12-13,Product_A,Store_1,9.47,1,41,104
2023-12-14,Product_A,Store_1,16.26,0,64,79
2023-12-15,Product_A,Store_1,29.94,1,142,126
2023-12-16,Product_A,Store_1,16.2,0,78,94
2023-12-17,Product_A,Store_1,18.21,0,135,89
2023-12-18,Product_A,Store_1,18.65,0,111,93
2023-12-19,Product_A,Store_1,25.0,0,226,75
2023-12-20,Product_A,Store_1,25.2,0,192,91
2023-12-21,Product_A,Store_1,19.4,0,228,102
2023-12-22,Product_A,Store_1,11.74,0,28,102
2023-12-23,Product_A,Store_1,24.5,0,164,110
2023-12-24,Product_A,Store_1,27.56,0,248,120
2023-12-25,Product_A,Store_1,18.43,0,32,99
2023-12-26,Product_A,Store_1,13.31,0,206,83
2023-12-27,Product_A,Store_1,27.97,1,63,128
2023-12-28,Product_A,Store_1,16.42,0,109,92
2023-12-29,Product_A,Store_1,17.48,0,81,85
2023-12-30,Product_A,Store_1,15.14,0,192,107
2023-12-31,Product_A,Store_1,23.28,0,32,111
2022-01-01,Product_A,Store_2,29.63,0,235,79
2022-01-02,Product_A,Store_2,24.45,0,180,94
2022-01-03,Product_A,Store_2,17.14,0,115,50
2022-01-04,Product_A,Store_2,21.86,0,65,64
2022-01-05,Product_A,Store_2,19.31,0,176,54
2022-01-06,Product_A,Store_2,26.16,0,21,64
2022-01-07,Product_A,Store_2,10.09,0,39,61
2022-01-08,Product_A,Store_2,25.63,1,80,135
2022-01-09,Product_A,Store_2,8.49,1,206,120
2022-01-10,Product_A,Store_2,8.3,0,67,67
2022-01-11,Product_A,Store_2,8.86,0,226,83
2022-01-12,Product_A,Store_2,28.65,0,216,76
2022-01-13,Product_A,Store_2,22.04,1,38,92
2022-01-14,Product_A,Store_2,11.05,0,172,69
2022-01-15,Product_A,Store_2,16.17,0,47,83
2022-01-16,Product_A,Store_2,29.9,0,31,96
2022-01-17,Product_A,Store_2,28.88,0,208,72
2022-01-18,Product_A,Store_2,10.42,0,94,79
2022-01-19,Product_A,Store_2,29.43,0,201,74
2022-01-20,Product_A,Store_2,24.45,0,90,68
2022-01-21,Product_A,Store_2,28.87,0,197,60
2022-01-22,Product_A,Store_2,21.41,0,62,110
2022-01-23,Product_A,Store_2,16.84,0,224,79
2022-01-24,Product_A,Store_2,22.14,0,201,104
2022-01-25,Product_A,Store_2,23.46,0,48,76
2022-01-26,Product_A,Store_2,28.14,0,103,66
2022-01-27,Product_A,Store_2,19.03,1,206,118
2022-01-28,Product_A,Store_2,24.22,1,107,137
2022-01-29,Product_A,Store_2,29.41,1,27,121
2022-01-30,Product_A,Store_2,10.81,1,143,148
2022-01-31,Product_A,Store_2,28.64,0,166,79
2022-02-01,Product_A,Store_2,9.56,0,127,79
2022-02-02,Product_A,Store_2,19.66,0,56,75
2022-02-03,Product_A,Store_2,10.52,0,75,69
2022-02-04,Product_A,Store_2,13.12,0,79,65
2022-02-05,Product_A,Store_2,15.82,0,144,82
2022-02-06,Product_A,Store_2,11.23,0,211,99
2022-02-07,Product_A,Store_2,11.41,0,234,72
2022-02-08,Product_A,Store_2,25.68,0,216,84
2022-02-09,Product_A,Store_2,19.12,0,171,61
2022-02-10,Product_A,Store_2,14.74,0,76,78
2022-02-11,Product_A,Store_2,18.09,0,160,71
2022-02-12,Product_A,Store_2,26.97,0,34,106
2022-02-13,Product_A,Store_2,20.38,0,51,101
2022-02-14,Product_A,Store_2,18.36,1,220,119
2022-02-15,Product_A,Store_2,26.44,0,90,76
2022-02-16,Product_A,Store_2,17.16,0,243,84
2022-02-17,Product_A,Store_2,27.58,0,248,73
2022-02-18,Product_A,Store_2,22.18,0,151,77
2022-02-19,Product_A,Store_2,16.19,1,179,150
2022-02-20,Product_A,Store_2,26.79,0,150,94
2022-02-21,Product_A,Store_2,27.87,0,115,84
2022-02-22,Product_A,Store_2,25.28,1,51,88
2022-02-23,Product_A,Store_2,27.67,0,95,91
2022-02-24,Product_A,Store_2,29.75,0,146,64
2022-02-25,Product_A,Store_2,27.23,0,146,91
2022-02-26,Product_A,Store_2,9.18,0,224,111
2022-02-27,Product_A,Store_2,18.08,0,162,114
2022-02-28,Product_A,Store_2,8.88,0,193,91
2022-03-01,Product_A,Store_2,25.29,0,32,83
2022-03-02,Product_A,Store_2,18.72,0,229,77
2022-03-03,Product_A,Store_2,29.99,0,115,88
2022-03-04,Product_A,Store_2,24.78,0,131,104
2022-03-05,Product_A,Store_2,12.99,0,162,96
2022-03-06,Product_A,Store_2,21.78,1,177,124
2022-03-07,Product_A,Store_2,26.46,0,20,87
2022-03-08,Product_A,Store_2,9.09,0,244,69
2022-03-09,Product_A,Store_2,14.18,0,209,81
2022-03-10,Product_A,Store_2,12.64,0,240,104
2022-03-11,Product_A,Store_2,28.44,1,153,152
2022-03-12,Product_A,Store_2,13.16,0,158,115
2022-03-13,Product_A,Store_2,29.15,0,82,101
2022-03-14,Product_A,Store_2,22.93,0,249,92
2022-03-15,Product_A,Store_2,28.84,0,134,70
2022-03-16,Product_A,Store_2,29.19,0,71,75
2022-03-17,Product_A,Store_2,23.54,0,207,75
2022-03-18,Product_A,Store_2,26.69,1,189,135
2022-03-19,Product_A,Store_2,19.9,0,223,92
2022-03-20,Product_A,Store_2,11.63,0,130,87
2022-03-21,Product_A,Store_2,14.0,0,138,83
2022-03-22,Product_A,Store_2,14.01,1,230,132
2022-03-23,Product_A,Store_2,10.53,1,46,117
2022-03-24,Product_A,Store_2,13.49,0,194,97
2022-03-25,Product_A,Store_2,15.85,0,159,85
2022-03-26,Product_A,Store_2,17.68,1,85,137
2022-03-27,Product_A,Store_2,17.46,0,196,98
2022-03-28,Product_A,Store_2,14.33,0,162,88
2022-03-29,Product_A,Store_2,17.54,1,40,137
2022-03-30,Product_A,Store_2,12.79,0,234,82
2022-03-31,Product_A,Store_2,10.33,0,246,85
2022-04-01,Product_A,Store_2,20.33,0,199,79
2022-04-02,Product_A,Store_2,25.62,0,24,118
2022-04-03,Product_A,Store_2,8.71,0,49,116
2022-04-04,Product_A,Store_2,27.21,1,224,123
2022-04-05,Product_A,Store_2,15.65,0,50,85
2022-04-06,Product_A,Store_2,19.52,0,41,90
2022-04-07,Product_A,Store_2,15.9,0,168,91
2022-04-08,Product_A,Store_2,18.5,0,227,70
2022-04-09,Product_A,Store_2,9.86,0,100,90
2022-04-10,Product_A,Store_2,20.45,0,33,94
2022-04-11,Product_A,Store_2,18.1,0,182,82
2022-04-12,Product_A,Store_2,28.54,0,68,97
2022-04-13,Product_A,Store_2,16.97,0,217,85
2022-04-14,Product_A,Store_2,15.31,0,33,80
2022-04-15,Product_A,Store_2,21.48,0,182,76
2022-04-16,Product_A,Store_2,13.09,0,182,98
2022-04-17,Product_A,Store_2,27.78,0,69,94
2022-04-18,Product_A,Store_2,24.5,0,217,67
2022-04-19,Product_A,Store_2,14.34,0,59,76
2022-04-20,Product_A,Store_2,27.96,0,151,78
2022-04-21,Product_A,Store_2,10.11,0,155,103
2022-04-22,Product_A,Store_2,29.08,0,64,86
2022-04-23,Product_A,Store_2,16.87,0,221,113
2022-04-24,Product_A,Store_2,25.18,0,186,114
2022-04-25,Product_A,Store_2,26.58,0,127,86
2022-04-26,Product_A,Store_2,19.01,0,125,97
2022-04-27,Product_A,Store_2,27.83,0,25,67
2022-04-28,Product_A,Store_2,26.23,0,62,88
2022-04-29,Product_A,Store_2,12.64,1,179,96
2022-04-30,Product_A,Store_2,17.69,0,212,91
2022-05-01,Product_A,Store_2,29.95,0,95,113
2022-05-02,Product_A,Store_2,17.48,0,92,81
2022-05-03,Product_A,Store_2,18.93,0,234,81
2022-05-04,Product_A,Store_2,10.87,0,131,93
2022-05-05,Product_A,Store_2,8.37,0,97,75
2022-05-06,Product_A,Store_2,9.69,0,222,80
2022-05-07,Product_A,Store_2,13.82,0,145,96
2022-05-08,Product_A,Store_2,8.79,1,229,131
2022-05-09,Product_A,Store_2,26.88,0,206,81
2022-05-10,Product_A,Store_2,25.2,0,194,82
2022-05-11,Product_A,Store_2,8.14,0,237,91
2022-05-12,Product_A,Store_2,20.45,0,91,62
2022-05-13,Product_A,Store_2,11.59,1,82,138
2022-05-14,Product_A,Store_2,25.98,0,88,88
2022-05-15,Product_A,Store_2,27.16,0,177,76
2022-05-16,Product_A,Store_2,24.55,0,199,74
2022-05-17,Product_A,Store_2,23.26,0,199,79
2022-05-18,Product_A,Store_2,25.72,0,46,98
2022-05-19,Product_A,Store_2,15.94,1,169,123
2022-05-20,Product_A,Store_2,9.25,0,119,73
2022-05-21,Product_A,Store_2,22.11,0,240,85
2022-05-22,Product_A,Store_2,10.69,0,166,100
2022-05-23,Product_A,Store_2,26.14,0,101,84
2022-05-24,Product_A,Store_2,24.23,0,184,88
2022-05-25,Product_A,Store_2,29.84,0,125,75
2022-05-26,Product_A,Store_2,29.5,0,241,76
2022-05-27,Product_A,Store_2,14.37,0,200,88
2022-05-28,Product_A,Store_2,17.4,0,79,95
2022-05-29,Product_A,Store_2,28.56,0,126,88
2022-05-30,Product_A,Store_2,20.24,0,23,81
2022-05-31,Product_A,Store_2,13.57,0,43,83
2022-06-01,Product_A,Store_2,10.77,0,59,69
2022-06-02,Product_A,Store_2,22.88,0,132,71
2022-06-03,Product_A,Store_2,8.12,1,201,120
2022-06-04,Product_A,Store_2,15.12,0,124,97
2022-06-05,Product_A,Store_2,22.31,0,41,90
2022-06-06,Product_A,Store_2,18.53,0,85,66
2022-06-07,Product_A,Store_2,18.24,0,220,87
2022-06-08,Product_A,Store_2,25.1,0,198,74
2022-06-09,Product_A,Store_2,18.84,0,149,86
2022-06-10,Product_A,Store_2,21.02,0,103,86
2022-06-11,Product_A,Store_2,15.98,0,129,84
2022-06-12,Product_A,Store_2,26.99,0,169,91
2022-06-13,Product_A,Store_2,29.81,0,41,69
2022-06-14,Product_A,Store_2,21.52,0,57,81
2022-06-15,Product_A,Store_2,24.64,0,163,67
2022-06-16,Product_A,Store_2,17.73,0,225,64
2022-06-17,Product_A,Store_2,27.86,0,106,68
2022-06-18,Product_A,Store_2,28.33,0,73,88
2022-06-19,Product_A,Store_2,15.0,1,46,136
2022-06-20,Product_A,Store_2,27.61,0,50,60
2022-06-21,Product_A,Store_2,13.6,0,201,59
2022-06-22,Product_A,Store_2,9.87,0,172,76
2022-06-23,Product_A,Store_2,21.36,0,238,97
2022-06-24,Product_A,Store_2,11.89,0,73,63
2022-06-25,Product_A,Store_2,9.93,0,35,81
2022-06-26,Product_A,Store_2,14.73,1,100,100
2022-06-27,Product_A,Store_2,23.01,0,48,78
2022-06-28,Product_A,Store_2,20.73,0,223,58
2022-06-29,Product_A,Store_2,24.58,0,23,70
2022-06-30,Product_A,Store_2,12.11,0,207,74
2022-07-01,Product_A,Store_2,17.75,0,200,81
2022-07-02,Product_A,Store_2,19.52,0,134,84
2022-07-03,Product_A,Store_2,19.91,0,39,66
2022-07-04,Product_A,Store_2,9.47,0,30,65
2022-07-05,Product_A,Store_2,28.52,0,117,70
2022-07-06,Product_A,Store_2,21.5,0,84,56
2022-07-07,Product_A,Store_2,20.83,1,137,81
2022-07-08,Product_A,Store_2,12.18,1,173,85
2022-07-09,Product_A,Store_2,15.89,0,136,100
2022-07-10,Product_A,Store_2,29.26,0,23,73
2022-07-11,Product_A,Store_2,17.99,0,30,72
2022-07-12,Product_A,Store_2,20.75,0,76,56
2022-07-13,Product_A,Store_2,15.46,0,183,73
2022-07-14,Product_A,Store_2,16.82,0,98,41
2022-07-15,Product_A,Store_2,17.13,0,125,55
2022-07-16,Product_A,Store_2,24.07,0,100,54
2022-07-17,Product_A,Store_2,18.5,1,154,93
2022-07-18,Product_A,Store_2,11.58,0,207,57
2022-07-19,Product_A,Store_2,21.64,0,237,68
2022-07-20,Product_A,Store_2,20.69,0,171,70
2022-07-21,Product_A,Store_2,21.04,0,140,62
2022-07-22,Product_A,Store_2,17.52,0,23,59
2022-07-23,Product_A,Store_2,28.67,0,237,73
2022-07-24,Product_A,Store_2,25.41,0,31,68
2022-07-25,Product_A,Store_2,14.75,0,218,48
2022-07-26,Product_A,Store_2,20.77,0,120,62
2022-07-27,Product_A,Store_2,11.28,0,31,32
2022-07-28,Product_A,Store_2,8.28,1,48,112
2022-07-29,Product_A,Store_2,21.43,0,136,54
2022-07-30,Product_A,Store_2,16.43,0,184,80
2022-07-31,Product_A,Store_2,26.05,1,87,124
2022-08-01,Product_A,Store_2,20.2,0,191,68
2022-08-02,Product_A,Store_2,17.8,1,104,94
2022-08-03,Product_A,Store_2,17.13,0,198,55
2022-08-04,Product_A,Store_2,8.46,0,169,57
2022-08-05,Product_A,Store_2,26.42,0,58,48
2022-08-06,Product_A,Store_2,17.72,0,130,79
2022-08-07,Product_A,Store_2,9.13,0,130,65
2022-08-08,Product_A,Store_2,18.63,1,155,90
2022-08-09,Product_A,Store_2,8.57,0,155,52
2022-08-10,Product_A,Store_2,29.88,0,28,54
2022-08-11,Product_A,Store_2,27.86,0,132,60
2022-08-12,Product_A,Store_2,15.27,0,227,58
2022-08-13,Product_A,Store_2,22.97,0,183,74
2022-08-14,Product_A,Store_2,23.05,0,190,75
2022-08-15,Product_A,Store_2,22.79,0,82,50
2022-08-16,Product_A,Store_2,24.85,0,156,47
2022-08-17,Product_A,Store_2,29.75,0,86,48
2022-08-18,Product_A,Store_2,24.03,1,195,77
2022-08-19,Product_A,Store_2,20.93,0,64,39
2022-08-20,Product_A,Store_2,9.6,0,133,71
2022-08-21,Product_A,Store_2,23.12,0,33,61
2022-08-22,Product_A,Store_2,16.79,0,70,60
2022-08-23,Product_A,Store_2,15.35,0,202,56
2022-08-24,Product_A,Store_2,26.32,0,142,45
2022-08-25,Product_A,Store_2,17.15,0,99,42
2022-08-26,Product_A,Store_2,20.51,0,169,54
2022-08-27,Product_A,Store_2,11.49,0,233,55
2022-08-28,Product_A,Store_2,10.81,1,84,121
2022-08-29,Product_A,Store_2,15.87,0,165,23
2022-08-30,Product_A,Store_2,22.43,0,122,44
2022-08-31,Product_A,Store_2,8.95,0,110,47
2022-09-01,Product_A,Store_2,24.38,0,76,32
2022-09-02,Product_A,Store_2,17.69,0,167,38
2022-09-03,Product_A,Store_2,21.18,0,188,64
2022-09-04,Product_A,Store_2,10.01,0,94,61
2022-09-05,Product_A,Store_2,10.83,0,136,51
2022-09-06,Product_A,Store_2,13.58,0,20,39
2022-09-07,Product_A,Store_2,27.59,0,245,45
2022-09-08,Product_A,Store_2,28.09,0,148,63
2022-09-09,Product_A,Store_2,13.91,0,123,43
2022-09-10,Product_A,Store_2,20.97,0,89,83
2022-09-11,Product_A,Store_2,23.91,0,29,49
2022-09-12,Product_A,Store_2,25.86,0,34,40
2022-09-13,Product_A,Store_2,22.72,0,156,31
2022-09-14,Product_A,Store_2,20.42,0,165,46
2022-09-15,Product_A,Store_2,28.5,1,189,105
2022-09-16,Product_A,Store_2,15.03,0,28,50
2022-09-17,Product_A,Store_2,12.85,0,61,52
2022-09-18,Product_A,Store_2,24.68,1,71,82
2022-09-19,Product_A,Store_2,21.65,0,83,54
2022-09-20,Product_A,Store_2,27.5,0,242,31
2022-09-21,Product_A,Store_2,16.66,0,228,32
2022-09-22,Product_A,Store_2,12.55,0,89,52
2022-09-23,Product_A,Store_2,17.4,0,137,62
2022-09-24,Product_A,Store_2,13.92,0,130,56
2022-09-25,Product_A,Store_2,26.15,1,34,90
2022-09-26,Product_A,Store_2,29.04,0,26,43
2022-09-27,Product_A,Store_2,27.87,0,198,50
2022-09-28,Product_A,Store_2,20.01,0,192,42
2022-09-29,Product_A,Store_2,25.27,1,55,117
2022-09-30,Product_A,Store_2,22.73,0,94,42
2022-10-01,Product_A,Store_2,9.4,0,94,59
2022-10-02,Product_A,Store_2,23.02,1,122,86
2022-10-03,Product_A,Store_2,27.17,0,131,45
2022-10-04,Product_A,Store_2,24.32,0,75,50
2022-10-05,Product_A,Store_2,27.21,0,123,39
2022-10-06,Product_A,Store_2,16.43,1,60,78
2022-10-07,Product_A,Store_2,12.16,0,247,45
2022-10-08,Product_A,Store_2,26.25,0,135,74
2022-10-09,Product_A,Store_2,26.45,1,210,114
2022-10-10,Product_A,Store_2,11.06,0,101,42
2022-10-11,Product_A,Store_2,15.17,0,98,38
2022-10-12,Product_A,Store_2,23.29,1,209,76
2022-10-13,Product_A,Store_2,25.06,1,115,105
2022-10-14,Product_A,Store_2,9.24,0,98,46
2022-10-15,Product_A,Store_2,19.45,0,218,63
2022-10-16,Product_A,Store_2,9.39,1,110,109
2022-10-17,Product_A,Store_2,17.93,0,108,37
2022-10-18,Product_A,Store_2,25.99,0,248,23
2022-10-19,Product_A,Store_2,14.09,0,149,38
2022-10-20,Product_A,Store_2,29.91,1,88,114
2022-10-21,Product_A,Store_2,16.28,0,184,30
2022-10-22,Product_A,Store_2,14.19,0,181,69
2022-10-23,Product_A,Store_2,24.12,0,116,91
2022-10-24,Product_A,Store_2,14.77,0,144,55
2022-10-25,Product_A,Store_2,23.64,0,125,38
2022-10-26,Product_A,Store_2,14.04,0,132,55
2022-10-27,Product_A,Store_2,17.95,0,132,40
2022-10-28,Product_A,Store_2,25.01,0,201,50
2022-10-29,Product_A,Store_2,18.14,0,86,65
2022-10-30,Product_A,Store_2,29.83,0,71,66
2022-10-31,Product_A,Store_2,23.54,1,97,80
2022-11-01,Product_A,Store_2,17.42,1,204,66
2022-11-02,Product_A,Store_2,15.99,0,240,50
2022-11-03,Product_A,Store_2,19.81,1,212,94
2022-11-04,Product_A,Store_2,14.55,1,36,94
2022-11-05,Product_A,Store_2,10.69,0,75,69
2022-11-06,Product_A,Store_2,28.01,0,144,59
2022-11-07,Product_A,Store_2,29.02,0,238,42
2022-11-08,Product_A,Store_2,11.71,0,80,51
2022-11-09,Product_A,Store_2,28.57,0,190,66
2022-11-10,Product_A,Store_2,29.58,0,200,51
2022-11-11,Product_A,Store_2,21.03,0,21,47
2022-11-12,Product_A,Store_2,19.07,0,89,82
2022-11-13,Product_A,Store_2,16.83,0,230,58
2022-11-14,Product_A,Store_2,8.88,0,173,55
2022-11-15,Product_A,Store_2,8.95,0,128,50
2022-11-16,Product_A,Store_2,28.85,1,80,102
2022-11-17,Product_A,Store_2,18.51,0,176,76
2022-11-18,Product_A,Store_2,21.83,0,176,54
2022-11-19,Product_A,Store_2,23.32,0,62,75
2022-11-20,Product_A,Store_2,20.36,0,199,73
2022-11-21,Product_A,Store_2,23.15,0,168,64
2022-11-22,Product_A,Store_2,17.37,0,134,57
2022-11-23,Product_A,Store_2,15.98,0,174,70
2022-11-24,Product_A,Store_2,16.32,0,133,62
2022-11-25,Product_A,Store_2,9.59,1,237,84
2022-11-26,Product_A,Store_2,23.96,0,195,56
2022-11-27,Product_A,Store_2,12.56,0,116,72
2022-11-28,Product_A,Store_2,26.68,0,115,41
2022-11-29,Product_A,Store_2,11.56,0,131,60
2022-11-30,Product_A,Store_2,13.28,0,165,53
2022-12-01,Product_A,Store_2,21.19,1,36,90
2022-12-02,Product_A,Store_2,15.45,0,101,67
2022-12-03,Product_A,Store_2,12.76,0,38,71
2022-12-04,Product_A,Store_2,17.32,0,173,52
2022-12-05,Product_A,Store_2,28.18,0,38,53
2022-12-06,Product_A,Store_2,17.48,0,203,62
2022-12-07,Product_A,Store_2,28.7,0,26,70
2022-12-08,Product_A,Store_2,25.71,0,208,52
2022-12-09,Product_A,Store_2,22.82,0,205,57
2022-12-10,Product_A,Store_2,15.85,0,163,68
2022-12-11,Product_A,Store_2,12.49,0,218,77
2022-12-12,Product_A,Store_2,12.75,0,199,75
2022-12-13,Product_A,Store_2,18.45,0,159,59
2022-12-14,Product_A,Store_2,23.56,1,235,117
2022-12-15,Product_A,Store_2,9.18,0,220,33
2022-12-16,Product_A,Store_2,22.59,0,67,65
2022-12-17,Product_A,Store_2,26.82,0,97,95
2022-12-18,Product_A,Store_2,28.61,0,153,76
2022-12-19,Product_A,Store_2,25.95,0,241,58
2022-12-20,Product_A,Store_2,18.42,0,67,54
2022-12-21,Product_A,Store_2,12.0,0,211,68
2022-12-22,Product_A,Store_2,23.55,0,56,67
2022-12-23,Product_A,Store_2,8.91,0,168,57
2022-12-24,Product_A,Store_2,26.87,0,235,72
2022-12-25,Product_A,Store_2,12.24,0,138,88
2022-12-26,Product_A,Store_2,23.97,0,164,53
2022-12-27,Product_A,Store_2,21.21,0,160,89
2022-12-28,Product_A,Store_2,21.58,0,151,77
2022-12-29,Product_A,Store_2,21.02,0,155,66
2022-12-30,Product_A,Store_2,21.71,0,146,67
2022-12-31,Product_A,Store_2,19.42,0,29,60
2023-01-01,Product_A,Store_2,25.04,0,125,85
2023-01-02,Product_A,Store_2,25.71,0,69,71
2023-01-03,Product_A,Store_2,28.3,0,154,73
2023-01-04,Product_A,Store_2,28.25,0,141,46
2023-01-05,Product_A,Store_2,18.67,0,29,64
2023-01-06,Product_A,Store_2,13.21,0,235,92
2023-01-07,Product_A,Store_2,9.65,0,76,87
2023-01-08,Product_A,Store_2,19.11,0,199,76
2023-01-09,Product_A,Store_2,18.26,0,42,63
2023-01-10,Product_A,Store_2,26.57,0,37,68
2023-01-11,Product_A,Store_2,8.88,0,54,64
2023-01-12,Product_A,Store_2,10.35,1,191,94
2023-01-13,Product_A,Store_2,24.87,0,158,59
2023-01-14,Product_A,Store_2,23.42,1,87,133
2023-01-15,Product_A,Store_2,18.02,0,38,96
2023-01-16,Product_A,Store_2,9.24,0,155,76
2023-01-17,Product_A,Store_2,11.62,0,201,69
2023-01-18,Product_A,Store_2,10.25,0,95,73
2023-01-19,Product_A,Store_2,19.72,1,248,104
2023-01-20,Product_A,Store_2,8.77,0,207,68
2023-01-21,Product_A,Store_2,27.36,0,24,97
2023-01-22,Product_A,Store_2,26.59,0,146,79
2023-01-23,Product_A,Store_2,22.88,0,162,62
2023-01-24,Product_A,Store_2,23.31,0,208,61
2023-01-25,Product_A,Store_2,17.91,0,238,69
2023-01-26,Product_A,Store_2,24.92,0,87,71
2023-01-27,Product_A,Store_2,8.46,0,172,71
2023-01-28,Product_A,Store_2,9.91,0,31,91
2023-01-29,Product_A,Store_2,26.25,0,216,91
2023-01-30,Product_A,Store_2,28.64,1,87,118
2023-01-31,Product_A,Store_2,23.42,0,219,90
2023-02-01,Product_A,Store_2,13.33,1,29,97
2023-02-02,Product_A,Store_2,28.21,0,99,60
2023-02-03,Product_A,Store_2,21.84,0,28,62
2023-02-04,Product_A,Store_2,24.3,1,82,124
2023-02-05,Product_A,Store_2,21.38,0,192,86
2023-02-06,Product_A,Store_2,13.02,0,95,92
2023-02-07,Product_A,Store_2,15.81,0,131,65
2023-02-08,Product_A,Store_2,20.83,1,189,120
2023-02-09,Product_A,Store_2,17.23,0,196,95
2023-02-10,Product_A,Store_2,19.1,0,149,89
2023-02-11,Product_A,Store_2,16.1,1,187,150
2023-02-12,Product_A,Store_2,26.85,0,196,95
2023-02-13,Product_A,Store_2,17.76,0,227,97
2023-02-14,Product_A,Store_2,29.27,0,233,83
2023-02-15,Product_A,Store_2,27.31,0,178,58
2023-02-16,Product_A,Store_2,9.2,0,175,93
2023-02-17,Product_A,Store_2,26.87,0,177,78
2023-02-18,Product_A,Store_2,10.84,0,119,77
2023-02-19,Product_A,Store_2,11.66,0,87,81
2023-02-20,Product_A,Store_2,15.55,0,29,80
2023-02-21,Product_A,Store_2,13.6,0,238,81
2023-02-22,Product_A,Store_2,10.13,1,111,115
2023-02-23,Product_A,Store_2,21.33,1,185,114
2023-02-24,Product_A,Store_2,25.24,0,180,71
2023-02-25,Product_A,Store_2,29.71,0,127,111
2023-02-26,Product_A,Store_2,28.0,0,90,101
2023-02-27,Product_A,Store_2,13.78,0,40,92
2023-02-28,Product_A,Store_2,28.95,0,38,84
2023-03-01,Product_A,Store_2,16.63,0,59,95
2023-03-02,Product_A,Store_2,9.41,0,231,87
2023-03-03,Product_A,Store_2,20.56,0,106,82
2023-03-04,Product_A,Store_2,28.63,0,154,103
2023-03-05,Product_A,Store_2,24.47,0,88,118
2023-03-06,Product_A,Store_2,19.73,1,55,113
2023-03-07,Product_A,Store_2,13.0,0,70,109
2023-03-08,Product_A,Store_2,19.33,0,76,84
2023-03-09,Product_A,Store_2,11.75,0,228,97
2023-03-10,Product_A,Store_2,17.5,1,34,129
2023-03-11,Product_A,Store_2,25.82,0,84,81
2023-03-12,Product_A,Store_2,13.19,0,142,109
2023-03-13,Product_A,Store_2,29.27,0,46,56
2023-03-14,Product_A,Store_2,27.2,0,101,91
2023-03-15,Product_A,Store_2,10.03,1,57,127
2023-03-16,Product_A,Store_2,27.08,0,219,99
2023-03-17,Product_A,Store_2,23.18,1,186,147
2023-03-18,Product_A,Store_2,27.56,1,213,173
2023-03-19,Product_A,Store_2,13.07,0,74,95
2023-03-20,Product_A,Store_2,11.06,0,154,82
2023-03-21,Product_A,Store_2,8.15,0,143,86
2023-03-22,Product_A,Store_2,25.15,1,226,124
2023-03-23,Product_A,Store_2,23.75,0,138,93
2023-03-24,Product_A,Store_2,29.7,0,198,75
2023-03-25,Product_A,Store_2,10.94,0,93,86
2023-03-26,Product_A,Store_2,18.64,0,164,99
2023-03-27,Product_A,Store_2,13.25,0,153,82
2023-03-28,Product_A,Store_2,23.49,0,238,79
2023-03-29,Product_A,Store_2,29.0,0,22,89
2023-03-30,Product_A,Store_2,9.5,0,73,85
2023-03-31,Product_A,Store_2,26.59,0,174,91
2023-04-01,Product_A,Store_2,14.88,0,118,105
2023-04-02,Product_A,Store_2,15.25,0,190,101
2023-04-03,Product_A,Store_2,14.69,1,202,126
2023-04-04,Product_A,Store_2,29.72,1,60,126
2023-04-05,Product_A,Store_2,19.69,0,221,97
2023-04-06,Product_A,Store_2,8.05,0,139,104
2023-04-07,Product_A,Store_2,23.89,0,136,68
2023-04-08,Product_A,Store_2,17.88,0,85,97
2023-04-09,Product_A,Store_2,22.35,1,245,151
2023-04-10,Product_A,Store_2,18.01,0,89,68
2023-04-11,Product_A,Store_2,21.66,0,185,91
2023-04-12,Product_A,Store_2,8.85,0,91,76
2023-04-13,Product_A,Store_2,18.08,0,152,106
2023-04-14,Product_A,Store_2,13.83,0,142,67
2023-04-15,Product_A,Store_2,12.85,0,35,100
2023-04-16,Product_A,Store_2,22.67,0,227,131
2023-04-17,Product_A,Store_2,27.1,0,64,71
2023-04-18,Product_A,Store_2,12.84,0,26,95
2023-04-19,Product_A,Store_2,16.51,0,239,70
2023-04-20,Product_A,Store_2,20.59,0,83,90
2023-04-21,Product_A,Store_2,29.95,0,22,55
2023-04-22,Product_A,Store_2,26.4,0,242,111
2023-04-23,Product_A,Store_2,9.44,0,222,109
2023-04-24,Product_A,Store_2,13.61,0,148,114
2023-04-25,Product_A,Store_2,20.94,1,210,152
2023-04-26,Product_A,Store_2,26.15,0,28,86
2023-04-27,Product_A,Store_2,28.43,0,29,78
2023-04-28,Product_A,Store_2,29.4,0,196,77
2023-04-29,Product_A,Store_2,15.82,1,208,123
2023-04-30,Product_A,Store_2,14.94,0,34,89
2023-05-01,Product_A,Store_2,8.26,0,22,93
2023-05-02,Product_A,Store_2,24.21,1,109,144
2023-05-03,Product_A,Store_2,26.45,0,158,83
2023-05-04,Product_A,Store_2,10.24,0,134,70
2023-05-05,Product_A,Store_2,24.72,0,39,85
2023-05-06,Product_A,Store_2,20.82,0,113,102
2023-05-07,Product_A,Store_2,24.0,0,55,120
2023-05-08,Product_A,Store_2,26.49,0,99,84
2023-05-09,Product_A,Store_2,12.46,0,136,76
2023-05-10,Product_A,Store_2,13.73,0,239,81
2023-05-11,Product_A,Store_2,23.11,0,61,87
2023-05-12,Product_A,Store_2,14.73,0,92,91
2023-05-13,Product_A,Store_2,9.7,1,189,105
2023-05-14,Product_A,Store_2,25.09,0,77,80
2023-05-15,Product_A,Store_2,25.8,0,169,90
2023-05-16,Product_A,Store_2,8.42,0,148,80
2023-05-17,Product_A,Store_2,12.62,0,22,83
2023-05-18,Product_A,Store_2,9.06,0,96,86
2023-05-19,Product_A,Store_2,24.7,0,47,67
2023-05-20,Product_A,Store_2,13.12,0,163,99
2023-05-21,Product_A,Store_2,21.06,0,98,85
2023-05-22,Product_A,Store_2,29.65,0,229,57
2023-05-23,Product_A,Store_2,26.33,1,58,109
2023-05-24,Product_A,Store_2,28.84,1,21,102
2023-05-25,Product_A,Store_2,12.91,1,39,107
2023-05-26,Product_A,Store_2,18.32,0,54,79
2023-05-27,Product_A,Store_2,11.17,0,236,79
2023-05-28,Product_A,Store_2,10.87,0,126,88
2023-05-29,Product_A,Store_2,10.15,0,183,81
2023-05-30,Product_A,Store_2,19.82,0,40,90
2023-05-31,Product_A,Store_2,8.39,0,48,64
2023-06-01,Product_A,Store_2,11.09,0,242,81
2023-06-02,Product_A,Store_2,12.04,1,195,104
2023-06-03,Product_A,Store_2,10.35,0,230,98
2023-06-04,Product_A,Store_2,16.42,1,159,121
2023-06-05,Product_A,Store_2,24.77,0,125,57
2023-06-06,Product_A,Store_2,28.96,0,125,69
2023-06-07,Product_A,Store_2,13.97,0,48,85
2023-06-08,Product_A,Store_2,15.69,0,153,73
2023-06-09,Product_A,Store_2,18.07,0,196,62
2023-06-10,Product_A,Store_2,28.58,0,150,99
2023-06-11,Product_A,Store_2,29.99,0,249,96
2023-06-12,Product_A,Store_2,22.94,0,71,67
2023-06-13,Product_A,Store_2,29.5,1,156,122
2023-06-14,Product_A,Store_2,14.59,0,49,75
2023-06-15,Product_A,Store_2,9.94,0,173,67
2023-06-16,Product_A,Store_2,21.85,0,44,83
2023-06-17,Product_A,Store_2,9.25,0,83,83
2023-06-18,Product_A,Store_2,13.36,0,96,84
2023-06-19,Product_A,Store_2,15.95,0,248,63
2023-06-20,Product_A,Store_2,20.81,0,86,76
2023-06-21,Product_A,Store_2,15.58,1,207,125
2023-06-22,Product_A,Store_2,17.04,0,213,73
2023-06-23,Product_A,Store_2,10.06,0,65,58
2023-06-24,Product_A,Store_2,12.65,0,144,81
2023-06-25,Product_A,Store_2,22.62,0,94,90
2023-06-26,Product_A,Store_2,23.18,0,174,60
2023-06-27,Product_A,Store_2,12.39,0,176,78
2023-06-28,Product_A,Store_2,17.74,0,230,41
2023-06-29,Product_A,Store_2,12.64,0,152,71
2023-06-30,Product_A,Store_2,20.72,0,152,79
2023-07-01,Product_A,Store_2,9.16,0,37,82
2023-07-02,Product_A,Store_2,28.06,0,224,76
2023-07-03,Product_A,Store_2,14.4,1,153,100
2023-07-04,Product_A,Store_2,8.02,0,165,64
2023-07-05,Product_A,Store_2,12.79,0,205,58
2023-07-06,Product_A,Store_2,18.19,1,45,108
2023-07-07,Product_A,Store_2,18.04,0,123,72
2023-07-08,Product_A,Store_2,18.09,0,157,82
2023-07-09,Product_A,Store_2,28.38,0,70,76
2023-07-10,Product_A,Store_2,19.38,1,139,106
2023-07-11,Product_A,Store_2,13.4,1,113,106
2023-07-12,Product_A,Store_2,22.82,0,82,52
2023-07-13,Product_A,Store_2,13.46,0,195,60
2023-07-14,Product_A,Store_2,24.12,0,77,56
2023-07-15,Product_A,Store_2,12.55,0,62,73
2023-07-16,Product_A,Store_2,15.51,0,21,78
2023-07-17,Product_A,Store_2,11.23,0,214,71
2023-07-18,Product_A,Store_2,8.69,0,200,66
2023-07-19,Product_A,Store_2,10.95,0,84,63
2023-07-20,Product_A,Store_2,19.45,0,63,68
2023-07-21,Product_A,Store_2,25.71,0,177,54
2023-07-22,Product_A,Store_2,28.95,0,118,80
2023-07-23,Product_A,Store_2,22.19,0,184,98
2023-07-24,Product_A,Store_2,19.06,1,140,121
2023-07-25,Product_A,Store_2,26.1,0,152,60
2023-07-26,Product_A,Store_2,18.11,1,80,103
2023-07-27,Product_A,Store_2,18.68,0,86,74
2023-07-28,Product_A,Store_2,27.19,0,159,58
2023-07-29,Product_A,Store_2,21.79,0,224,64
2023-07-30,Product_A,Store_2,21.69,0,231,72
2023-07-31,Product_A,Store_2,19.46,0,231,63
2023-08-01,Product_A,Store_2,14.53,0,58,60
2023-08-02,Product_A,Store_2,17.85,1,234,106
2023-08-03,Product_A,Store_2,29.14,0,243,56
2023-08-04,Product_A,Store_2,15.04,0,93,53
2023-08-05,Product_A,Store_2,27.07,1,109,102
2023-08-06,Product_A,Store_2,17.97,0,33,60
2023-08-07,Product_A,Store_2,25.92,0,164,53
2023-08-08,Product_A,Store_2,20.86,0,200,59
2023-08-09,Product_A,Store_2,25.72,0,209,32
2023-08-10,Product_A,Store_2,28.56,0,201,75
2023-08-11,Product_A,Store_2,27.98,0,139,67
2023-08-12,Product_A,Store_2,25.01,0,30,72
2023-08-13,Product_A,Store_2,11.75,0,241,68
2023-08-14,Product_A,Store_2,14.39,0,31,60
2023-08-15,Product_A,Store_2,29.24,0,247,56
2023-08-16,Product_A,Store_2,24.71,0,85,50
2023-08-17,Product_A,Store_2,17.22,0,217,36
2023-08-18,Product_A,Store_2,26.0,0,201,41
2023-08-19,Product_A,Store_2,15.02,0,242,90
2023-08-20,Product_A,Store_2,9.8,0,43,66
2023-08-21,Product_A,Store_2,16.28,1,51,84
2023-08-22,Product_A,Store_2,17.98,0,91,51
2023-08-23,Product_A,Store_2,9.14,0,72,59
2023-08-24,Product_A,Store_2,19.21,0,106,56
2023-08-25,Product_A,Store_2,14.26,0,120,56
2023-08-26,Product_A,Store_2,8.4,0,34,57
2023-08-27,Product_A,Store_2,28.53,0,42,65
2023-08-28,Product_A,Store_2,24.29,0,158,53
2023-08-29,Product_A,Store_2,18.72,0,246,49
2023-08-30,Product_A,Store_2,9.11,1,97,91
2023-08-31,Product_A,Store_2,8.71,0,40,72
2023-09-01,Product_A,Store_2,11.41,0,243,50
2023-09-02,Product_A,Store_2,27.55,0,239,62
2023-09-03,Product_A,Store_2,22.29,0,165,67
2023-09-04,Product_A,Store_2,26.4,0,245,34
2023-09-05,Product_A,Store_2,12.35,1,21,69
2023-09-06,Product_A,Store_2,12.62,0,154,50
2023-09-07,Product_A,Store_2,10.98,0,101,41
2023-09-08,Product_A,Store_2,12.38,0,187,57
2023-09-09,Product_A,Store_2,28.25,1,95,83
2023-09-10,Product_A,Store_2,21.44,0,218,66
2023-09-11,Product_A,Store_2,24.88,0,61,30
2023-09-12,Product_A,Store_2,14.94,0,239,49
2023-09-13,Product_A,Store_2,19.44,0,82,44
2023-09-14,Product_A,Store_2,25.57,0,146,42
2023-09-15,Product_A,Store_2,21.82,0,249,39
2023-09-16,Product_A,Store_2,15.81,1,172,96
2023-09-17,Product_A,Store_2,16.44,0,167,62
2023-09-18,Product_A,Store_2,17.23,0,234,45
2023-09-19,Product_A,Store_2,24.29,1,67,73
2023-09-20,Product_A,Store_2,23.84,0,127,37
2023-09-21,Product_A,Store_2,8.4,0,210,41
2023-09-22,Product_A,Store_2,21.63,0,232,36
2023-09-23,Product_A,Store_2,26.73,0,22,58
2023-09-24,Product_A,Store_2,26.54,0,21,58
2023-09-25,Product_A,Store_2,22.04,0,241,43
2023-09-26,Product_A,Store_2,17.96,0,221,40
2023-09-27,Product_A,Store_2,26.56,0,146,39
2023-09-28,Product_A,Store_2,19.2,0,20,33
2023-09-29,Product_A,Store_2,10.25,0,27,35
2023-09-30,Product_A,Store_2,14.66,1,106,112
2023-10-01,Product_A,Store_2,22.79,0,193,50
2023-10-02,Product_A,Store_2,25.22,0,27,56
2023-10-03,Product_A,Store_2,17.75,0,238,40
2023-10-04,Product_A,Store_2,19.57,0,146,59
2023-10-05,Product_A,Store_2,12.28,0,224,35
2023-10-06,Product_A,Store_2,9.86,0,25,33
2023-10-07,Product_A,Store_2,9.79,0,29,40
2023-10-08,Product_A,Store_2,23.02,0,157,68
2023-10-09,Product_A,Store_2,19.19,0,237,49
2023-10-10,Product_A,Store_2,17.12,0,137,64
2023-10-11,Product_A,Store_2,22.78,0,121,39
2023-10-12,Product_A,Store_2,26.16,0,154,49
2023-10-13,Product_A,Store_2,29.99,0,122,36
2023-10-14,Product_A,Store_2,28.26,0,109,71
2023-10-15,Product_A,Store_2,9.43,0,171,63
2023-10-16,Product_A,Store_2,18.34,1,112,72
2023-10-17,Product_A,Store_2,9.32,0,189,47
2023-10-18,Product_A,Store_2,12.24,0,243,70
2023-10-19,Product_A,Store_2,20.79,1,248,111
2023-10-20,Product_A,Store_2,11.82,1,62,73
2023-10-21,Product_A,Store_2,19.18,0,81,65
2023-10-22,Product_A,Store_2,26.33,0,105,67
2023-10-23,Product_A,Store_2,11.09,0,223,55
2023-10-24,Product_A,Store_2,15.25,0,170,61
2023-10-25,Product_A,Store_2,22.53,1,139,101
2023-10-26,Product_A,Store_2,17.1,0,112,49
2023-10-27,Product_A,Store_2,12.17,1,98,87
2023-10-28,Product_A,Store_2,25.05,0,122,57
2023-10-29,Product_A,Store_2,11.02,0,245,69
2023-10-30,Product_A,Store_2,28.85,0,155,45
2023-10-31,Product_A,Store_2,13.55,0,140,54
2023-11-01,Product_A,Store_2,21.59,0,167,41
2023-11-02,Product_A,Store_2,13.55,0,39,59
2023-11-03,Product_A,Store_2,11.17,0,181,59
2023-11-04,Product_A,Store_2,21.29,1,218,106
2023-11-05,Product_A,Store_2,27.95,0,154,59
2023-11-06,Product_A,Store_2,29.6,0,147,57
2023-11-07,Product_A,Store_2,28.86,0,118,39
2023-11-08,Product_A,Store_2,13.75,0,196,46
2023-11-09,Product_A,Store_2,12.83,0,30,60
2023-11-10,Product_A,Store_2,19.88,0,223,57
2023-11-11,Product_A,Store_2,21.86,0,200,79
2023-11-12,Product_A,Store_2,26.41,0,196,65
2023-11-13,Product_A,Store_2,23.53,0,74,34
2023-11-14,Product_A,Store_2,17.05,0,154,61
2023-11-15,Product_A,Store_2,29.19,0,90,50
2023-11-16,Product_A,Store_2,28.13,0,42,58
2023-11-17,Product_A,Store_2,9.15,0,99,59
2023-11-18,Product_A,Store_2,13.12,1,160,121
2023-11-19,Product_A,Store_2,29.58,0,94,82
2023-11-20,Product_A,Store_2,12.11,0,96,59
2023-11-21,Product_A,Store_2,8.55,1,38,87
2023-11-22,Product_A,Store_2,27.84,0,235,55
2023-11-23,Product_A,Store_2,9.66,0,122,66
2023-11-24,Product_A,Store_2,21.72,1,89,103
2023-11-25,Product_A,Store_2,15.4,0,49,66
2023-11-26,Product_A,Store_2,13.29,0,29,80
2023-11-27,Product_A,Store_2,14.98,0,120,67
2023-11-28,Product_A,Store_2,16.06,0,202,63
2023-11-29,Product_A,Store_2,29.01,0,72,65
2023-11-30,Product_A,Store_2,12.18,0,25,72
2023-12-01,Product_A,Store_2,22.43,0,108,47
2023-12-02,Product_A,Store_2,13.96,0,239,76
2023-12-03,Product_A,Store_2,27.4,1,116,96
2023-12-04,Product_A,Store_2,17.03,1,110,100
2023-12-05,Product_A,Store_2,12.2,0,174,51
2023-12-06,Product_A,Store_2,26.8,0,113,48
2023-12-07,Product_A,Store_2,8.64,0,191,42
2023-12-08,Product_A,Store_2,28.78,1,211,113
2023-12-09,Product_A,Store_2,10.57,0,126,53
2023-12-10,Product_A,Store_2,27.13,0,205,72
2023-12-11,Product_A,Store_2,8.8,0,153,63
2023-12-12,Product_A,Store_2,12.42,0,235,44
2023-12-13,Product_A,Store_2,18.67,0,125,78
2023-12-14,Product_A,Store_2,15.6,0,58,56
2023-12-15,Product_A,Store_2,11.04,0,52,58
2023-12-16,Product_A,Store_2,13.63,1,29,141
2023-12-17,Product_A,Store_2,12.99,0,62,67
2023-12-18,Product_A,Store_2,13.79,0,111,61
2023-12-19,Product_A,Store_2,12.36,1,101,79
2023-12-20,Product_A,Store_2,19.47,0,90,81
2023-12-21,Product_A,Store_2,14.52,0,53,47
2023-12-22,Product_A,Store_2,27.66,0,107,75
2023-12-23,Product_A,Store_2,24.38,0,101,70
2023-12-24,Product_A,Store_2,8.92,0,207,87
2023-12-25,Product_A,Store_2,21.36,0,224,67
2023-12-26,Product_A,Store_2,8.39,0,48,67
2023-12-27,Product_A,Store_2,14.54,0,48,70
2023-12-28,Product_A,Store_2,22.89,0,113,58
2023-12-29,Product_A,Store_2,23.83,0,148,72
2023-12-30,Product_A,Store_2,25.57,0,103,91
2023-12-31,Product_A,Store_2,13.0,0,64,78
2022-01-01,Product_B,Store_1,8.28,0,153,118
2022-01-02,Product_B,Store_1,18.31,0,35,119
2022-01-03,Product_B,Store_1,8.77,0,211,111
2022-01-04,Product_B,Store_1,9.97,0,180,113
2022-01-05,Product_B,Store_1,22.62,1,96,136
2022-01-06,Product_B,Store_1,27.55,1,107,143
2022-01-07,Product_B,Store_1,22.06,1,144,168
2022-01-08,Product_B,Store_1,17.55,0,130,131
2022-01-09,Product_B,Store_1,14.69,1,90,154
2022-01-10,Product_B,Store_1,11.86,0,153,93
2022-01-11,Product_B,Store_1,11.51,0,89,100
2022-01-12,Product_B,Store_1,25.44,0,112,101
2022-01-13,Product_B,Store_1,15.22,0,67,115
2022-01-14,Product_B,Store_1,21.99,0,233,108
2022-01-15,Product_B,Store_1,11.04,0,20,135
2022-01-16,Product_B,Store_1,21.18,0,207,110
2022-01-17,Product_B,Store_1,17.03,0,29,114
2022-01-18,Product_B,Store_1,10.34,0,152,124
2022-01-19,Product_B,Store_1,10.16,0,132,113
2022-01-20,Product_B,Store_1,10.43,0,61,115
2022-01-21,Product_B,Store_1,11.95,0,217,116
2022-01-22,Product_B,Store_1,22.66,0,67,142
2022-01-23,Product_B,Store_1,28.59,0,150,130
2022-01-24,Product_B,Store_1,25.6,0,53,108
2022-01-25,Product_B,Store_1,9.32,1,51,156
2022-01-26,Product_B,Store_1,29.17,0,91,123
2022-01-27,Product_B,Store_1,28.57,1,88,132
2022-01-28,Product_B,Store_1,21.62,0,136,106
2022-01-29,Product_B,Store_1,21.18,0,97,118
2022-01-30,Product_B,Store_1,27.99,1,198,168
2022-01-31,Product_B,Store_1,28.01,0,147,103
2022-02-01,Product_B,Store_1,27.2,0,178,125
2022-02-02,Product_B,Store_1,11.95,0,163,109
2022-02-03,Product_B,Store_1,19.07,0,224,102
2022-02-04,Product_B,Store_1,17.56,0,213,127
2022-02-05,Product_B,Store_1,23.49,0,184,129
2022-02-06,Product_B,Store_1,28.75,0,94,130
2022-02-07,Product_B,Store_1,15.88,1,227,130
2022-02-08,Product_B,Store_1,28.46,0,33,128
2022-02-09,Product_B,Store_1,25.75,0,189,119
2022-02-10,Product_B,Store_1,12.39,0,239,105
2022-02-11,Product_B,Store_1,13.78,0,105,116
2022-02-12,Product_B,Store_1,27.87,0,223,130
2022-02-13,Product_B,Store_1,28.39,1,72,178
2022-02-14,Product_B,Store_1,19.69,0,121,129
2022-02-15,Product_B,Store_1,12.63,0,103,133
2022-02-16,Product_B,Store_1,22.28,1,96,150
2022-02-17,Product_B,Store_1,15.05,0,96,117
2022-02-18,Product_B,Store_1,9.09,0,47,121
2022-02-19,Product_B,Store_1,24.66,0,224,130
2022-02-20,Product_B,Store_1,9.59,0,52,136
2022-02-21,Product_B,Store_1,11.23,0,209,123
2022-02-22,Product_B,Store_1,17.83,1,22,156
2022-02-23,Product_B,Store_1,15.92,0,227,139
2022-02-24,Product_B,Store_1,23.21,0,113,121
2022-02-25,Product_B,Store_1,18.36,0,65,134
2022-02-26,Product_B,Store_1,15.78,0,107,134
2022-02-27,Product_B,Store_1,19.19,0,52,128
2022-02-28,Product_B,Store_1,17.45,1,108,147
2022-03-01,Product_B,Store_1,15.67,0,150,132
2022-03-02,Product_B,Store_1,18.02,0,29,122
2022-03-03,Product_B,Store_1,8.85,0,46,133
2022-03-04,Product_B,Store_1,16.29,0,246,118
2022-03-05,Product_B,Store_1,22.87,0,184,152
2022-03-06,Product_B,Store_1,8.46,0,163,155
2022-03-07,Product_B,Store_1,9.61,0,83,133
2022-03-08,Product_B,Store_1,26.89,0,160,116
2022-03-09,Product_B,Store_1,8.88,0,129,136
2022-03-10,Product_B,Store_1,14.25,0,167,130
2022-03-11,Product_B,Store_1,26.39,0,165,116
2022-03-12,Product_B,Store_1,21.0,1,30,193
2022-03-13,Product_B,Store_1,23.14,0,115,147
2022-03-14,Product_B,Store_1,26.25,0,124,124
2022-03-15,Product_B,Store_1,14.0,1,113,157
2022-03-16,Product_B,Store_1,16.89,0,108,148
2022-03-17,Product_B,Store_1,14.24,1,227,154
2022-03-18,Product_B,Store_1,16.54,0,149,106
2022-03-19,Product_B,Store_1,19.48,0,91,135
2022-03-20,Product_B,Store_1,13.67,0,135,140
2022-03-21,Product_B,Store_1,22.26,0,171,127
2022-03-22,Product_B,Store_1,9.89,0,207,111
2022-03-23,Product_B,Store_1,17.95,0,114,136
2022-03-24,Product_B,Store_1,8.2,0,72,131
2022-03-25,Product_B,Store_1,12.21,1,98,153
2022-03-26,Product_B,Store_1,23.93,0,56,147
2022-03-27,Product_B,Store_1,11.49,1,120,176
2022-03-28,Product_B,Store_1,25.0,1,187,143
2022-03-29,Product_B,Store_1,20.85,0,237,130
2022-03-30,Product_B,Store_1,11.79,0,229,127
2022-03-31,Product_B,Store_1,20.19,0,49,119
2022-04-01,Product_B,Store_1,22.44,0,40,136
2022-04-02,Product_B,Store_1,28.54,0,182,149
2022-04-03,Product_B,Store_1,21.59,0,199,139
2022-04-04,Product_B,Store_1,29.17,0,137,112
2022-04-05,Product_B,Store_1,18.16,0,92,128
2022-04-06,Product_B,Store_1,9.54,0,229,140
2022-04-07,Product_B,Store_1,10.9,0,97,143
2022-04-08,Product_B,Store_1,27.91,0,62,141
2022-04-09,Product_B,Store_1,10.22,1,192,175
2022-04-10,Product_B,Store_1,12.63,1,176,190
2022-04-11,Product_B,Store_1,18.37,0,21,98
2022-04-12,Product_B,Store_1,21.31,0,118,108
2022-04-13,Product_B,Store_1,25.88,0,215,113
2022-04-14,Product_B,Store_1,28.51,0,133,127
2022-04-15,Product_B,Store_1,18.8,0,242,124
2022-04-16,Product_B,Store_1,17.25,0,235,146
2022-04-17,Product_B,Store_1,11.24,1,119,184
2022-04-18,Product_B,Store_1,23.72,0,90,109
2022-04-19,Product_B,Store_1,14.65,1,105,155
2022-04-20,Product_B,Store_1,26.91,0,23,122
2022-04-21,Product_B,Store_1,24.82,0,29,118
2022-04-22,Product_B,Store_1,16.09,0,150,127
2022-04-23,Product_B,Store_1,26.03,0,83,133
2022-04-24,Product_B,Store_1,19.7,0,174,160
2022-04-25,Product_B,Store_1,11.58,0,139,134
2022-04-26,Product_B,Store_1,26.33,0,129,129
2022-04-27,Product_B,Store_1,29.61,1,237,140
2022-04-28,Product_B,Store_1,25.28,0,222,119
2022-04-29,Product_B,Store_1,15.81,0,88,122
2022-04-30,Product_B,Store_1,22.11,0,218,116
2022-05-01,Product_B,Store_1,10.08,0,20,136
2022-05-02,Product_B,Store_1,20.55,1,173,184
2022-05-03,Product_B,Store_1,19.09,0,196,112
2022-05-04,Product_B,Store_1,15.5,1,235,149
2022-05-05,Product_B,Store_1,20.93,0,150,126
2022-05-06,Product_B,Store_1,29.26,0,92,118
2022-05-07,Product_B,Store_1,9.58,0,197,153
2022-05-08,Product_B,Store_1,16.85,0,56,127
2022-05-09,Product_B,Store_1,8.12,1,43,150
2022-05-10,Product_B,Store_1,22.41,1,84,167
2022-05-11,Product_B,Store_1,18.61,0,80,125
2022-05-12,Product_B,Store_1,24.34,0,80,106
2022-05-13,Product_B,Store_1,20.18,0,246,124
2022-05-14,Product_B,Store_1,13.15,0,154,128
2022-05-15,Product_B,Store_1,16.72,1,73,188
2022-05-16,Product_B,Store_1,19.28,0,177,122
2022-05-17,Product_B,Store_1,28.69,0,56,140
2022-05-18,Product_B,Store_1,18.92,0,99,118
2022-05-19,Product_B,Store_1,23.77,1,138,166
2022-05-20,Product_B,Store_1,17.98,1,119,173
2022-05-21,Product_B,Store_1,18.85,0,224,112
2022-05-22,Product_B,Store_1,27.82,0,21,131
2022-05-23,Product_B,Store_1,10.66,0,235,122
2022-05-24,Product_B,Store_1,20.95,0,156,111
2022-05-25,Product_B,Store_1,20.75,0,222,125
2022-05-26,Product_B,Store_1,29.47,0,180,124
2022-05-27,Product_B,Store_1,25.83,0,66,118
2022-05-28,Product_B,Store_1,11.57,0,142,134
2022-05-29,Product_B,Store_1,20.59,0,137,135
2022-05-30,Product_B,Store_1,19.29,0,22,114
2022-05-31,Product_B,Store_1,15.83,1,20,152
2022-06-01,Product_B,Store_1,23.13,0,190,109
2022-06-02,Product_B,Store_1,23.18,0,47,108
2022-06-03,Product_B,Store_1,19.6,0,127,123
2022-06-04,Product_B,Store_1,12.26,0,242,128
2022-06-05,Product_B,Store_1,27.73,0,56,113
2022-06-06,Product_B,Store_1,22.06,1,151,153
2022-06-07,Product_B,Store_1,29.02,0,195,112
2022-06-08,Product_B,Store_1,26.34,0,242,109
2022-06-09,Product_B,Store_1,22.89,0,30,120
2022-06-10,Product_B,Store_1,13.66,1,196,123
2022-06-11,Product_B,Store_1,27.83,0,116,124
2022-06-12,Product_B,Store_1,15.35,0,48,141
2022-06-13,Product_B,Store_1,27.16,0,236,129
2022-06-14,Product_B,Store_1,8.28,0,242,134
2022-06-15,Product_B,Store_1,23.96,0,230,113
2022-06-16,Product_B,Store_1,25.89,0,139,118
2022-06-17,Product_B,Store_1,10.41,0,233,109
2022-06-18,Product_B,Store_1,9.72,0,26,138
2022-06-19,Product_B,Store_1,28.96,0,226,129
2022-06-20,Product_B,Store_1,22.99,0,58,105
2022-06-21,Product_B,Store_1,20.35,0,219,118
2022-06-22,Product_B,Store_1,24.93,0,101,116
2022-06-23,Product_B,Store_1,24.46,0,92,110
2022-06-24,Product_B,Store_1,24.03,0,97,139
2022-06-25,Product_B,Store_1,20.88,0,171,127
2022-06-26,Product_B,Store_1,10.62,0,66,121
2022-06-27,Product_B,Store_1,26.49,0,104,107
2022-06-28,Product_B,Store_1,14.43,0,244,112
2022-06-29,Product_B,Store_1,29.76,0,240,112
2022-06-30,Product_B,Store_1,23.49,0,70,115
2022-07-01,Product_B,Store_1,26.82,0,228,102
2022-07-02,Product_B,Store_1,20.62,0,243,107
2022-07-03,Product_B,Store_1,21.88,0,90,124
2022-07-04,Product_B,Store_1,14.05,0,207,116
2022-07-05,Product_B,Store_1,28.93,0,203,101
2022-07-06,Product_B,Store_1,12.92,0,111,99
2022-07-07,Product_B,Store_1,21.87,0,116,89
2022-07-08,Product_B,Store_1,23.52,0,191,115
2022-07-09,Product_B,Store_1,12.89,0,144,132
2022-07-10,Product_B,Store_1,9.05,0,99,126
2022-07-11,Product_B,Store_1,27.51,1,201,140
2022-07-12,Product_B,Store_1,14.7,0,230,111
2022-07-13,Product_B,Store_1,27.89,0,165,95
2022-07-14,Product_B,Store_1,15.4,0,154,108
2022-07-15,Product_B,Store_1,26.49,0,169,91
2022-07-16,Product_B,Store_1,29.37,0,108,129
2022-07-17,Product_B,Store_1,10.03,0,22,109
2022-07-18,Product_B,Store_1,17.69,0,197,110
2022-07-19,Product_B,Store_1,18.75,0,36,104
2022-07-20,Product_B,Store_1,27.67,0,96,103
2022-07-21,Product_B,Store_1,15.83,0,248,90
2022-07-22,Product_B,Store_1,15.03,0,21,86
2022-07-23,Product_B,Store_1,20.52,0,155,116
2022-07-24,Product_B,Store_1,23.87,0,60,114
2022-07-25,Product_B,Store_1,23.98,0,88,99
2022-07-26,Product_B,Store_1,22.14,0,85,86
2022-07-27,Product_B,Store_1,15.53,0,96,90
2022-07-28,Product_B,Store_1,20.71,0,178,116
2022-07-29,Product_B,Store_1,9.62,0,234,126
2022-07-30,Product_B,Store_1,18.61,1,112,158
2022-07-31,Product_B,Store_1,24.44,0,79,119
2022-08-01,Product_B,Store_1,11.11,0,22,113
2022-08-02,Product_B,Store_1,10.79,0,134,102
2022-08-03,Product_B,Store_1,29.93,0,248,84
2022-08-04,Product_B,Store_1,15.82,0,215,87
2022-08-05,Product_B,Store_1,19.82,0,242,112
2022-08-06,Product_B,Store_1,16.07,0,79,114
2022-08-07,Product_B,Store_1,20.19,0,38,113
2022-08-08,Product_B,Store_1,24.46,0,240,95
2022-08-09,Product_B,Store_1,28.54,1,126,150
2022-08-10,Product_B,Store_1,11.1,0,219,86
2022-08-11,Product_B,Store_1,28.12,0,78,97
2022-08-12,Product_B,Store_1,9.73,0,131,87
2022-08-13,Product_B,Store_1,9.02,0,208,99
2022-08-14,Product_B,Store_1,10.83,0,95,88
2022-08-15,Product_B,Store_1,22.73,0,108,120
2022-08-16,Product_B,Store_1,20.31,1,99,126
2022-08-17,Product_B,Store_1,27.07,0,218,100
2022-08-18,Product_B,Store_1,25.33,0,204,94
2022-08-19,Product_B,Store_1,13.48,0,67,111
2022-08-20,Product_B,Store_1,8.57,1,230,162
2022-08-21,Product_B,Store_1,21.91,0,247,114
2022-08-22,Product_B,Store_1,14.46,1,170,150
2022-08-23,Product_B,Store_1,16.62,0,144,112
2022-08-24,Product_B,Store_1,21.28,0,110,91
2022-08-25,Product_B,Store_1,13.93,0,43,81
2022-08-26,Product_B,Store_1,15.0,0,88,97
2022-08-27,Product_B,Store_1,26.58,0,173,106
2022-08-28,Product_B,Store_1,17.49,0,75,89
2022-08-29,Product_B,Store_1,16.39,0,186,71
2022-08-30,Product_B,Store_1,26.85,0,54,99
2022-08-31,Product_B,Store_1,27.28,0,210,76
2022-09-01,Product_B,Store_1,21.33,0,81,86
2022-09-02,Product_B,Store_1,24.06,0,62,75
2022-09-03,Product_B,Store_1,21.52,0,70,100
2022-09-04,Product_B,Store_1,25.39,1,59,152
2022-09-05,Product_B,Store_1,17.26,0,131,78
2022-09-06,Product_B,Store_1,9.22,0,99,86
2022-09-07,Product_B,Store_1,16.24,0,127,85
2022-09-08,Product_B,Store_1,24.48,0,59,102
2022-09-09,Product_B,Store_1,27.17,1,240,114
2022-09-10,Product_B,Store_1,9.19,0,158,99
2022-09-11,Product_B,Store_1,27.53,0,50,105
2022-09-12,Product_B,Store_1,14.97,0,131,83
2022-09-13,Product_B,Store_1,25.64,0,135,75
2022-09-14,Product_B,Store_1,18.79,0,162,93
2022-09-15,Product_B,Store_1,20.69,0,70,96
2022-09-16,Product_B,Store_1,18.83,0,203,83
2022-09-17,Product_B,Store_1,17.51,0,154,115
2022-09-18,Product_B,Store_1,18.4,0,112,100
2022-09-19,Product_B,Store_1,17.6,0,114,103
2022-09-20,Product_B,Store_1,21.94,0,133,76
2022-09-21,Product_B,Store_1,11.71,1,161,135
2022-09-22,Product_B,Store_1,13.78,0,202,70
2022-09-23,Product_B,Store_1,20.88,0,217,97
2022-09-24,Product_B,Store_1,27.83,1,196,159
2022-09-25,Product_B,Store_1,29.82,0,221,89
2022-09-26,Product_B,Store_1,9.74,1,130,125
2022-09-27,Product_B,Store_1,26.18,0,227,82
2022-09-28,Product_B,Store_1,13.75,0,186,92
2022-09-29,Product_B,Store_1,10.83,0,74,102
2022-09-30,Product_B,Store_1,13.15,0,241,93
2022-10-01,Product_B,Store_1,8.42,0,141,104
2022-10-02,Product_B,Store_1,23.6,0,146,110
2022-10-03,Product_B,Store_1,23.14,0,27,96
2022-10-04,Product_B,Store_1,14.55,0,27,96
2022-10-05,Product_B,Store_1,13.03,0,223,82
2022-10-06,Product_B,Store_1,18.02,0,231,78
2022-10-07,Product_B,Store_1,23.12,0,240,80
2022-10-08,Product_B,Store_1,13.66,1,107,157
2022-10-09,Product_B,Store_1,26.47,0,23,95
2022-10-10,Product_B,Store_1,24.99,0,213,94
2022-10-11,Product_B,Store_1,23.9,0,221,76
2022-10-12,Product_B,Store_1,13.06,0,193,83
2022-10-13,Product_B,Store_1,13.01,0,219,100
2022-10-14,Product_B,Store_1,13.4,0,240,101
2022-10-15,Product_B,Store_1,10.18,1,101,129
2022-10-16,Product_B,Store_1,29.55,0,211,104
2022-10-17,Product_B,Store_1,23.51,1,52,132
2022-10-18,Product_B,Store_1,16.75,0,89,98
2022-10-19,Product_B,Store_1,18.57,0,239,94
2022-10-20,Product_B,Store_1,15.33,1,164,111
2022-10-21,Product_B,Store_1,17.58,0,53,85
2022-10-22,Product_B,Store_1,13.5,0,117,112
2022-10-23,Product_B,Store_1,16.13,0,112,108
2022-10-24,Product_B,Store_1,27.65,1,55,132
2022-10-25,Product_B,Store_1,17.15,0,89,97
2022-10-26,Product_B,Store_1,13.07,0,240,82
2022-10-27,Product_B,Store_1,15.04,1,22,106
2022-10-28,Product_B,Store_1,24.79,0,108,96
2022-10-29,Product_B,Store_1,28.03,0,157,98
2022-10-30,Product_B,Store_1,18.99,0,35,113
2022-10-31,Product_B,Store_1,18.62,0,87,97
2022-11-01,Product_B,Store_1,21.09,0,131,99
2022-11-02,Product_B,Store_1,10.59,0,124,85
2022-11-03,Product_B,Store_1,26.46,0,119,87
2022-11-04,Product_B,Store_1,20.48,0,249,85
2022-11-05,Product_B,Store_1,14.83,1,28,125
2022-11-06,Product_B,Store_1,14.33,0,144,109
2022-11-07,Product_B,Store_1,8.49,0,210,96
2022-11-08,Product_B,Store_1,13.32,0,197,90
2022-11-09,Product_B,Store_1,27.14,0,89,91
2022-11-10,Product_B,Store_1,20.59,0,38,110
2022-11-11,Product_B,Store_1,10.01,0,73,94
2022-11-12,Product_B,Store_1,10.38,0,112,108
2022-11-13,Product_B,Store_1,13.29,0,138,96
2022-11-14,Product_B,Store_1,29.61,0,244,98
2022-11-15,Product_B,Store_1,29.8,0,139,86
2022-11-16,Product_B,Store_1,8.43,0,89,81
2022-11-17,Product_B,Store_1,15.72,0,219,90
2022-11-18,Product_B,Store_1,23.16,0,99,89
2022-11-19,Product_B,Store_1,24.96,0,228,106
2022-11-20,Product_B,Store_1,14.72,0,29,100
2022-11-21,Product_B,Store_1,19.14,0,131,73
2022-11-22,Product_B,Store_1,23.99,0,80,104
2022-11-23,Product_B,Store_1,15.91,1,98,154
2022-11-24,Product_B,Store_1,8.1,0,107,75
2022-11-25,Product_B,Store_1,13.57,0,88,94
2022-11-26,Product_B,Store_1,11.36,0,100,101
2022-11-27,Product_B,Store_1,23.06,0,150,107
2022-11-28,Product_B,Store_1,8.89,0,54,113
2022-11-29,Product_B,Store_1,26.92,0,187,84
2022-11-30,Product_B,Store_1,21.5,0,147,114
2022-12-01,Product_B,Store_1,8.76,0,230,106
2022-12-02,Product_B,Store_1,21.31,0,120,97
2022-12-03,Product_B,Store_1,27.49,0,119,101
2022-12-04,Product_B,Store_1,8.74,0,36,113
2022-12-05,Product_B,Store_1,8.55,0,38,93
2022-12-06,Product_B,Store_1,10.81,0,80,92
2022-12-07,Product_B,Store_1,17.61,0,183,97
2022-12-08,Product_B,Store_1,19.46,0,159,108
2022-12-09,Product_B,Store_1,8.45,0,125,90
2022-12-10,Product_B,Store_1,12.73,0,223,121
2022-12-11,Product_B,Store_1,17.21,0,214,110
2022-12-12,Product_B,Store_1,22.08,0,77,90
2022-12-13,Product_B,Store_1,11.78,0,82,94
2022-12-14,Product_B,Store_1,12.06,0,43,99
2022-12-15,Product_B,Store_1,24.38,0,217,100
2022-12-16,Product_B,Store_1,28.7,0,222,113
2022-12-17,Product_B,Store_1,20.2,0,238,123
2022-12-18,Product_B,Store_1,29.3,0,50,122
2022-12-19,Product_B,Store_1,22.23,0,161,102
2022-12-20,Product_B,Store_1,18.77,1,100,126
2022-12-21,Product_B,Store_1,18.35,0,78,111
2022-12-22,Product_B,Store_1,10.92,0,199,101
2022-12-23,Product_B,Store_1,17.84,0,111,120
2022-12-24,Product_B,Store_1,10.49,1,84,146
2022-12-25,Product_B,Store_1,20.78,0,177,134
2022-12-26,Product_B,Store_1,12.99,0,246,99
2022-12-27,Product_B,Store_1,9.47,0,196,114
2022-12-28,Product_B,Store_1,22.76,0,111,88
2022-12-29,Product_B,Store_1,24.87,0,43,112
2022-12-30,Product_B,Store_1,11.86,1,131,161
2022-12-31,Product_B,Store_1,25.76,0,88,108
2023-01-01,Product_B,Store_1,15.84,0,176,113
2023-01-02,Product_B,Store_1,8.03,0,206,100
2023-01-03,Product_B,Store_1,17.95,0,79,106
2023-01-04,Product_B,Store_1,11.3,1,216,150
2023-01-05,Product_B,Store_1,27.97,0,217,112
2023-01-06,Product_B,Store_1,8.03,0,227,118
2023-01-07,Product_B,Store_1,9.02,0,172,113
2023-01-08,Product_B,Store_1,15.34,1,238,154
2023-01-09,Product_B,Store_1,13.94,0,64,106
2023-01-10,Product_B,Store_1,13.75,0,161,116
2023-01-11,Product_B,Store_1,13.32,1,101,128
2023-01-12,Product_B,Store_1,28.2,0,203,124
2023-01-13,Product_B,Store_1,26.55,0,163,119
2023-01-14,Product_B,Store_1,19.72,0,33,137
2023-01-15,Product_B,Store_1,10.22,1,146,184
2023-01-16,Product_B,Store_1,19.5,0,66,122
2023-01-17,Product_B,Store_1,10.43,0,43,124
2023-01-18,Product_B,Store_1,28.7,1,145,146
2023-01-19,Product_B,Store_1,29.87,0,40,114
2023-01-20,Product_B,Store_1,14.81,0,201,106
2023-01-21,Product_B,Store_1,23.2,1,25,159
2023-01-22,Product_B,Store_1,26.86,0,58,128
2023-01-23,Product_B,Store_1,28.31,0,167,124
2023-01-24,Product_B,Store_1,11.45,0,153,93
2023-01-25,Product_B,Store_1,17.77,0,23,101
2023-01-26,Product_B,Store_1,8.4,0,196,123
2023-01-27,Product_B,Store_1,19.91,0,194,118
2023-01-28,Product_B,Store_1,27.32,0,171,130
2023-01-29,Product_B,Store_1,25.69,0,26,141
2023-01-30,Product_B,Store_1,16.54,0,191,112
2023-01-31,Product_B,Store_1,10.0,1,145,177
2023-02-01,Product_B,Store_1,9.48,0,82,134
2023-02-02,Product_B,Store_1,26.22,0,72,109
2023-02-03,Product_B,Store_1,18.68,0,154,126
2023-02-04,Product_B,Store_1,27.8,0,222,136
2023-02-05,Product_B,Store_1,14.31,0,21,118
2023-02-06,Product_B,Store_1,13.9,0,101,104
2023-02-07,Product_B,Store_1,24.91,0,92,118
2023-02-08,Product_B,Store_1,18.2,0,82,117
2023-02-09,Product_B,Store_1,22.76,0,230,120
2023-02-10,Product_B,Store_1,16.86,0,178,136
2023-02-11,Product_B,Store_1,19.45,0,150,114
2023-02-12,Product_B,Store_1,24.56,0,49,139
2023-02-13,Product_B,Store_1,13.5,0,93,137
2023-02-14,Product_B,Store_1,28.04,1,148,155
2023-02-15,Product_B,Store_1,8.45,0,53,133
2023-02-16,Product_B,Store_1,26.97,0,219,121
2023-02-17,Product_B,Store_1,29.53,0,54,123
2023-02-18,Product_B,Store_1,28.83,0,238,146
2023-02-19,Product_B,Store_1,14.06,0,32,134
2023-02-20,Product_B,Store_1,14.73,0,67,134
2023-02-21,Product_B,Store_1,29.14,0,63,135
2023-02-22,Product_B,Store_1,17.7,0,151,129
2023-02-23,Product_B,Store_1,8.78,0,27,103
2023-02-24,Product_B,Store_1,23.55,1,34,130
2023-02-25,Product_B,Store_1,12.71,0,154,138
2023-02-26,Product_B,Store_1,11.16,0,175,127
2023-02-27,Product_B,Store_1,21.34,0,201,119
2023-02-28,Product_B,Store_1,14.94,0,233,128
2023-03-01,Product_B,Store_1,22.48,0,159,121
2023-03-02,Product_B,Store_1,19.42,0,228,111
2023-03-03,Product_B,Store_1,20.61,0,111,116
2023-03-04,Product_B,Store_1,15.11,0,204,164
2023-03-05,Product_B,Store_1,22.03,0,127,129
2023-03-06,Product_B,Store_1,27.56,0,219,131
2023-03-07,Product_B,Store_1,14.89,0,168,125
2023-03-08,Product_B,Store_1,28.74,0,191,135
2023-03-09,Product_B,Store_1,11.87,0,219,112
2023-03-10,Product_B,Store_1,17.99,0,91,116
2023-03-11,Product_B,Store_1,9.98,0,232,133
2023-03-12,Product_B,Store_1,17.21,0,34,139
2023-03-13,Product_B,Store_1,10.28,0,86,114
2023-03-14,Product_B,Store_1,21.41,1,248,164
2023-03-15,Product_B,Store_1,15.21,0,172,122
2023-03-16,Product_B,Store_1,8.43,0,40,132
2023-03-17,Product_B,Store_1,10.8,0,65,132
2023-03-18,Product_B,Store_1,26.62,0,78,147
2023-03-19,Product_B,Store_1,15.46,0,24,160
2023-03-20,Product_B,Store_1,24.97,0,210,130
2023-03-21,Product_B,Store_1,17.95,0,42,124
2023-03-22,Product_B,Store_1,12.07,0,246,115
2023-03-23,Product_B,Store_1,21.81,0,199,127
2023-03-24,Product_B,Store_1,19.01,0,229,132
2023-03-25,Product_B,Store_1,15.46,0,122,141
2023-03-26,Product_B,Store_1,26.51,1,33,185
2023-03-27,Product_B,Store_1,21.32,0,90,131
2023-03-28,Product_B,Store_1,21.65,0,52,118
2023-03-29,Product_B,Store_1,13.21,0,43,123
2023-03-30,Product_B,Store_1,9.59,1,73,151
2023-03-31,Product_B,Store_1,16.61,0,244,114
2023-04-01,Product_B,Store_1,22.42,0,185,154
2023-04-02,Product_B,Store_1,25.56,0,68,131
2023-04-03,Product_B,Store_1,26.78,0,241,117
2023-04-04,Product_B,Store_1,17.66,0,168,129
2023-04-05,Product_B,Store_1,18.93,0,164,132
2023-04-06,Product_B,Store_1,9.42,0,239,124
2023-04-07,Product_B,Store_1,19.13,0,45,123
2023-04-08,Product_B,Store_1,20.44,1,144,165
2023-04-09,Product_B,Store_1,28.18,0,96,159
2023-04-10,Product_B,Store_1,11.38,0,66,128
2023-04-11,Product_B,Store_1,25.98,0,128,135
2023-04-12,Product_B,Store_1,15.84,0,139,128
2023-04-13,Product_B,Store_1,14.84,0,75,135
2023-04-14,Product_B,Store_1,11.08,0,124,124
2023-04-15,Product_B,Store_1,9.65,0,74,141
2023-04-16,Product_B,Store_1,24.62,0,134,142
2023-04-17,Product_B,Store_1,22.04,0,155,127
2023-04-18,Product_B,Store_1,12.74,0,123,131
2023-04-19,Product_B,Store_1,19.31,0,243,129
2023-04-20,Product_B,Store_1,8.84,0,56,136
2023-04-21,Product_B,Store_1,23.87,0,106,152
2023-04-22,Product_B,Store_1,11.77,0,82,127
2023-04-23,Product_B,Store_1,9.38,0,27,135
2023-04-24,Product_B,Store_1,25.82,0,192,122
2023-04-25,Product_B,Store_1,26.16,1,32,159
2023-04-26,Product_B,Store_1,11.74,0,117,118
2023-04-27,Product_B,Store_1,27.25,0,245,110
2023-04-28,Product_B,Store_1,25.27,0,34,119
2023-04-29,Product_B,Store_1,22.4,0,200,129
2023-04-30,Product_B,Store_1,17.36,0,106,126
2023-05-01,Product_B,Store_1,21.37,0,73,126
2023-05-02,Product_B,Store_1,22.2,0,96,130
2023-05-03,Product_B,Store_1,13.77,0,220,115
2023-05-04,Product_B,Store_1,16.22,0,242,146
2023-05-05,Product_B,Store_1,26.0,0,36,115
2023-05-06,Product_B,Store_1,18.48,0,35,133
2023-05-07,Product_B,Store_1,25.4,0,187,127
2023-05-08,Product_B,Store_1,23.95,0,140,124
2023-05-09,Product_B,Store_1,15.49,1,39,157
2023-05-10,Product_B,Store_1,16.07,0,76,106
2023-05-11,Product_B,Store_1,13.58,0,174,129
2023-05-12,Product_B,Store_1,27.17,0,106,110
2023-05-13,Product_B,Store_1,19.39,0,76,146
2023-05-14,Product_B,Store_1,8.91,0,199,128
2023-05-15,Product_B,Store_1,26.33,0,39,119
2023-05-16,Product_B,Store_1,21.95,0,84,139
2023-05-17,Product_B,Store_1,17.45,0,37,128
2023-05-18,Product_B,Store_1,20.57,0,119,120
2023-05-19,Product_B,Store_1,26.02,1,202,144
2023-05-20,Product_B,Store_1,23.64,0,65,141
2023-05-21,Product_B,Store_1,28.77,0,235,134
2023-05-22,Product_B,Store_1,26.14,0,160,112
2023-05-23,Product_B,Store_1,26.87,1,228,153
2023-05-24,Product_B,Store_1,26.39,0,53,123
2023-05-25,Product_B,Store_1,8.99,0,116,112
2023-05-26,Product_B,Store_1,24.45,0,66,127
2023-05-27,Product_B,Store_1,21.75,0,137,140
2023-05-28,Product_B,Store_1,8.76,1,40,183
2023-05-29,Product_B,Store_1,27.22,0,232,114
2023-05-30,Product_B,Store_1,19.5,1,114,175
2023-05-31,Product_B,Store_1,10.98,0,21,119
2023-06-01,Product_B,Store_1,13.84,1,197,134
2023-06-02,Product_B,Store_1,13.26,0,131,89
2023-06-03,Product_B,Store_1,28.63,0,127,133
2023-06-04,Product_B,Store_1,17.42,0,186,132
2023-06-05,Product_B,Store_1,20.87,1,109,139
2023-06-06,Product_B,Store_1,13.5,0,87,121
2023-06-07,Product_B,Store_1,20.91,0,190,104
2023-06-08,Product_B,Store_1,15.92,0,123,123
2023-06-09,Product_B,Store_1,19.18,0,248,104
2023-06-10,Product_B,Store_1,25.26,0,189,148
2023-06-11,Product_B,Store_1,10.77,0,189,116
2023-06-12,Product_B,Store_1,22.51,0,56,114
2023-06-13,Product_B,Store_1,16.11,0,207,126
2023-06-14,Product_B,Store_1,19.77,0,91,120
2023-06-15,Product_B,Store_1,8.7,0,36,120
2023-06-16,Product_B,Store_1,20.01,0,162,108
2023-06-17,Product_B,Store_1,11.99,0,203,123
2023-06-18,Product_B,Store_1,8.0,0,96,123
2023-06-19,Product_B,Store_1,10.05,1,159,139
2023-06-20,Product_B,Store_1,19.12,0,93,115
2023-06-21,Product_B,Store_1,11.56,1,86,111
2023-06-22,Product_B,Store_1,16.26,0,201,114
2023-06-23,Product_B,Store_1,8.52,1,131,161
2023-06-24,Product_B,Store_1,28.04,0,187,118
2023-06-25,Product_B,Store_1,26.1,0,166,109
2023-06-26,Product_B,Store_1,27.59,0,159,101
2023-06-27,Product_B,Store_1,28.41,0,195,98
2023-06-28,Product_B,Store_1,16.08,0,153,108
2023-06-29,Product_B,Store_1,15.36,0,32,128
2023-06-30,Product_B,Store_1,11.06,0,165,107
2023-07-01,Product_B,Store_1,8.93,0,143,116
2023-07-02,Product_B,Store_1,24.96,0,134,112
2023-07-03,Product_B,Store_1,10.85,0,234,112
2023-07-04,Product_B,Store_1,15.28,0,139,101
2023-07-05,Product_B,Store_1,11.21,0,33,96
2023-07-06,Product_B,Store_1,19.48,0,146,96
2023-07-07,Product_B,Store_1,14.39,0,36,96
2023-07-08,Product_B,Store_1,27.65,0,247,133
2023-07-09,Product_B,Store_1,21.4,1,75,153
2023-07-10,Product_B,Store_1,25.49,0,160,115
2023-07-11,Product_B,Store_1,22.71,0,88,88
2023-07-12,Product_B,Store_1,19.91,1,223,182
2023-07-13,Product_B,Store_1,15.49,0,120,97
2023-07-14,Product_B,Store_1,18.86,0,41,111
2023-07-15,Product_B,Store_1,23.58,0,172,110
2023-07-16,Product_B,Store_1,10.2,1,203,148
2023-07-17,Product_B,Store_1,12.61,0,105,115
2023-07-18,Product_B,Store_1,17.43,0,238,110
2023-07-19,Product_B,Store_1,15.43,0,226,94
2023-07-20,Product_B,Store_1,17.71,0,48,108
2023-07-21,Product_B,Store_1,29.47,0,149,106
2023-07-22,Product_B,Store_1,23.27,0,206,103
2023-07-23,Product_B,Store_1,22.33,0,163,121
2023-07-24,Product_B,Store_1,15.65,0,146,104
2023-07-25,Product_B,Store_1,26.8,0,196,96
2023-07-26,Product_B,Store_1,26.27,0,57,102
2023-07-27,Product_B,Store_1,19.69,0,161,99
2023-07-28,Product_B,Store_1,17.75,0,58,80
2023-07-29,Product_B,Store_1,17.01,0,229,121
2023-07-30,Product_B,Store_1,29.7,0,186,102
2023-07-31,Product_B,Store_1,15.46,0,232,103
2023-08-01,Product_B,Store_1,23.83,1,204,164
2023-08-02,Product_B,Store_1,19.87,0,23,107
2023-08-03,Product_B,Store_1,23.11,0,110,89
2023-08-04,Product_B,Store_1,9.19,0,106,94
2023-08-05,Product_B,Store_1,23.44,0,39,105
2023-08-06,Product_B,Store_1,21.16,0,35,103
2023-08-07,Product_B,Store_1,19.38,0,152,95
2023-08-08,Product_B,Store_1,28.88,0,232,77
2023-08-09,Product_B,Store_1,26.57,1,77,150
2023-08-10,Product_B,Store_1,23.43,0,222,90
2023-08-11,Product_B,Store_1,23.96,1,67,140
2023-08-12,Product_B,Store_1,16.36,0,103,107
2023-08-13,Product_B,Store_1,23.75,0,200,105
2023-08-14,Product_B,Store_1,17.64,0,139,90
2023-08-15,Product_B,Store_1,16.36,1,40,128
2023-08-16,Product_B,Store_1,8.43,0,212,106
2023-08-17,Product_B,Store_1,25.89,0,28,82
2023-08-18,Product_B,Store_1,14.97,0,248,101
2023-08-19,Product_B,Store_1,12.55,0,249,102
2023-08-20,Product_B,Store_1,10.47,0,171,102
2023-08-21,Product_B,Store_1,25.7,0,182,89
2023-08-22,Product_B,Store_1,14.51,0,88,114
2023-08-23,Product_B,Store_1,22.24,0,216,92
2023-08-24,Product_B,Store_1,12.72,0,248,97
2023-08-25,Product_B,Store_1,20.0,0,129,90
2023-08-26,Product_B,Store_1,29.09,0,67,99
2023-08-27,Product_B,Store_1,21.72,0,222,107
2023-08-28,Product_B,Store_1,16.7,0,32,93
2023-08-29,Product_B,Store_1,26.31,0,72,108
2023-08-30,Product_B,Store_1,17.2,0,134,100
2023-08-31,Product_B,Store_1,25.04,0,67,86
2023-09-01,Product_B,Store_1,25.3,0,229,83
2023-09-02,Product_B,Store_1,11.2,0,105,95
2023-09-03,Product_B,Store_1,26.19,0,189,118
2023-09-04,Product_B,Store_1,25.3,0,77,102
2023-09-05,Product_B,Store_1,22.55,0,110,74
2023-09-06,Product_B,Store_1,17.66,0,119,94
2023-09-07,Product_B,Store_1,9.35,0,242,80
2023-09-08,Product_B,Store_1,23.69,0,194,87
2023-09-09,Product_B,Store_1,8.31,0,224,86
2023-09-10,Product_B,Store_1,19.24,1,87,136
2023-09-11,Product_B,Store_1,12.94,0,37,82
2023-09-12,Product_B,Store_1,16.26,0,141,108
2023-09-13,Product_B,Store_1,8.42,0,58,82
2023-09-14,Product_B,Store_1,18.78,0,188,74
2023-09-15,Product_B,Store_1,24.22,0,132,73
2023-09-16,Product_B,Store_1,17.89,0,46,102
2023-09-17,Product_B,Store_1,11.63,1,43,128
2023-09-18,Product_B,Store_1,14.13,0,134,98
2023-09-19,Product_B,Store_1,25.67,0,195,99
2023-09-20,Product_B,Store_1,16.48,1,38,90
2023-09-21,Product_B,Store_1,14.3,0,86,90
2023-09-22,Product_B,Store_1,8.41,0,230,80
2023-09-23,Product_B,Store_1,15.08,0,191,105
2023-09-24,Product_B,Store_1,22.79,0,139,65
2023-09-25,Product_B,Store_1,14.32,0,155,74
2023-09-26,Product_B,Store_1,23.38,1,43,120
2023-09-27,Product_B,Store_1,20.33,0,93,98
2023-09-28,Product_B,Store_1,8.86,1,233,114
2023-09-29,Product_B,Store_1,20.71,0,217,68
2023-09-30,Product_B,Store_1,22.29,0,233,116
2023-10-01,Product_B,Store_1,19.18,0,100,81
2023-10-02,Product_B,Store_1,26.04,0,32,88
2023-10-03,Product_B,Store_1,16.43,1,109,122
2023-10-04,Product_B,Store_1,17.65,0,160,76
2023-10-05,Product_B,Store_1,13.08,0,183,102
2023-10-06,Product_B,Store_1,25.8,0,180,66
2023-10-07,Product_B,Store_1,29.25,0,95,102
2023-10-08,Product_B,Store_1,19.0,0,37,111
2023-10-09,Product_B,Store_1,18.58,0,120,79
2023-10-10,Product_B,Store_1,9.62,0,44,80
2023-10-11,Product_B,Store_1,25.14,0,219,88
2023-10-12,Product_B,Store_1,20.2,0,45,76
2023-10-13,Product_B,Store_1,18.33,0,209,91
2023-10-14,Product_B,Store_1,21.3,0,234,96
2023-10-15,Product_B,Store_1,8.21,0,87,113
2023-10-16,Product_B,Store_1,23.05,0,99,74
2023-10-17,Product_B,Store_1,10.34,0,246,86
2023-10-18,Product_B,Store_1,12.88,0,223,93
2023-10-19,Product_B,Store_1,28.66,0,78,90
2023-10-20,Product_B,Store_1,22.46,0,162,82
2023-10-21,Product_B,Store_1,18.49,1,132,125
2023-10-22,Product_B,Store_1,19.73,0,229,112
2023-10-23,Product_B,Store_1,10.34,0,184,87
2023-10-24,Product_B,Store_1,28.63,0,111,84
2023-10-25,Product_B,Store_1,8.02,0,156,86
2023-10-26,Product_B,Store_1,8.33,0,64,90
2023-10-27,Product_B,Store_1,22.2,0,82,96
2023-10-28,Product_B,Store_1,25.27,0,241,105
2023-10-29,Product_B,Store_1,14.71,1,154,131
2023-10-30,Product_B,Store_1,8.35,0,76,72
2023-10-31,Product_B,Store_1,24.83,0,172,96
2023-11-01,Product_B,Store_1,14.04,0,98,86
2023-11-02,Product_B,Store_1,29.88,0,176,89
2023-11-03,Product_B,Store_1,20.65,0,35,101
2023-11-04,Product_B,Store_1,11.58,0,125,114
2023-11-05,Product_B,Store_1,8.33,1,84,158
2023-11-06,Product_B,Store_1,26.11,0,82,86
2023-11-07,Product_B,Store_1,25.93,0,124,104
2023-11-08,Product_B,Store_1,9.23,0,90,93
2023-11-09,Product_B,Store_1,18.59,0,161,92
2023-11-10,Product_B,Store_1,20.31,0,25,75
2023-11-11,Product_B,Store_1,8.11,0,161,94
2023-11-12,Product_B,Store_1,13.79,0,51,108
2023-11-13,Product_B,Store_1,18.92,0,239,74
2023-11-14,Product_B,Store_1,26.09,0,121,97
2023-11-15,Product_B,Store_1,12.78,0,198,109
2023-11-16,Product_B,Store_1,20.16,0,67,85
2023-11-17,Product_B,Store_1,29.79,0,174,87
2023-11-18,Product_B,Store_1,26.97,0,183,94
2023-11-19,Product_B,Store_1,11.27,0,141,112
2023-11-20,Product_B,Store_1,16.14,1,42,162
2023-11-21,Product_B,Store_1,24.59,1,177,170
2023-11-22,Product_B,Store_1,14.7,0,224,102
2023-11-23,Product_B,Store_1,19.48,1,204,151
2023-11-24,Product_B,Store_1,23.11,0,67,113
2023-11-25,Product_B,Store_1,10.27,1,147,172
2023-11-26,Product_B,Store_1,22.9,1,58,152
2023-11-27,Product_B,Store_1,28.65,0,112,86
2023-11-28,Product_B,Store_1,13.58,0,72,83
2023-11-29,Product_B,Store_1,19.25,0,149,106
2023-11-30,Product_B,Store_1,13.53,0,111,86
2023-12-01,Product_B,Store_1,24.32,0,208,113
2023-12-02,Product_B,Store_1,18.65,0,85,127
2023-12-03,Product_B,Store_1,20.44,0,133,131
2023-12-04,Product_B,Store_1,26.3,0,34,106
2023-12-05,Product_B,Store_1,26.54,0,117,79
2023-12-06,Product_B,Store_1,15.79,0,103,100
2023-12-07,Product_B,Store_1,28.97,0,137,103
2023-12-08,Product_B,Store_1,15.12,0,122,119
2023-12-09,Product_B,Store_1,28.85,0,130,112
2023-12-10,Product_B,Store_1,12.78,0,202,113
2023-12-11,Product_B,Store_1,28.12,0,174,106
2023-12-12,Product_B,Store_1,16.11,0,87,104
2023-12-13,Product_B,Store_1,23.48,0,228,99
2023-12-14,Product_B,Store_1,8.15,1,57,151
2023-12-15,Product_B,Store_1,21.29,0,238,101
2023-12-16,Product_B,Store_1,8.75,0,163,115
2023-12-17,Product_B,Store_1,20.75,1,169,159
2023-12-18,Product_B,Store_1,27.66,0,116,90
2023-12-19,Product_B,Store_1,19.42,0,100,115
2023-12-20,Product_B,Store_1,18.32,0,65,112
2023-12-21,Product_B,Store_1,8.56,0,70,88
2023-12-22,Product_B,Store_1,18.25,1,39,142
2023-12-23,Product_B,Store_1,15.5,0,145,126
2023-12-24,Product_B,Store_1,24.01,0,202,120
2023-12-25,Product_B,Store_1,23.46,0,192,113
2023-12-26,Product_B,Store_1,27.8,0,166,108
2023-12-27,Product_B,Store_1,14.68,1,105,136
2023-12-28,Product_B,Store_1,9.25,0,244,103
2023-12-29,Product_B,Store_1,20.25,1,226,127
2023-12-30,Product_B,Store_1,23.76,0,37,122
2023-12-31,Product_B,Store_1,22.31,0,58,118
2022-01-01,Product_B,Store_2,14.66,0,247,90
2022-01-02,Product_B,Store_2,21.59,0,160,101
2022-01-03,Product_B,Store_2,19.26,0,86,84
2022-01-04,Product_B,Store_2,20.23,0,241,84
2022-01-05,Product_B,Store_2,24.43,0,206,100
2022-01-06,Product_B,Store_2,8.23,0,21,81
2022-01-07,Product_B,Store_2,12.42,0,203,84
2022-01-08,Product_B,Store_2,10.71,0,23,128
2022-01-09,Product_B,Store_2,20.18,0,237,117
2022-01-10,Product_B,Store_2,28.34,0,191,113
2022-01-11,Product_B,Store_2,19.42,0,44,101
2022-01-12,Product_B,Store_2,27.55,0,34,101
2022-01-13,Product_B,Store_2,13.04,0,163,91
2022-01-14,Product_B,Store_2,26.35,0,71,109
2022-01-15,Product_B,Store_2,28.14,0,146,87
2022-01-16,Product_B,Store_2,15.58,0,83,105
2022-01-17,Product_B,Store_2,19.29,1,217,129
2022-01-18,Product_B,Store_2,24.78,0,141,97
2022-01-19,Product_B,Store_2,18.35,0,127,106
2022-01-20,Product_B,Store_2,15.33,0,54,109
2022-01-21,Product_B,Store_2,12.13,0,168,97
2022-01-22,Product_B,Store_2,22.96,0,67,111
2022-01-23,Product_B,Store_2,23.76,0,62,102
2022-01-24,Product_B,Store_2,29.16,0,91,106
2022-01-25,Product_B,Store_2,19.11,0,68,97
2022-01-26,Product_B,Store_2,27.74,0,241,117
2022-01-27,Product_B,Store_2,11.66,1,48,142
2022-01-28,Product_B,Store_2,14.22,0,120,119
2022-01-29,Product_B,Store_2,23.55,1,197,143
2022-01-30,Product_B,Store_2,19.28,0,56,112
2022-01-31,Product_B,Store_2,25.01,0,165,104
2022-02-01,Product_B,Store_2,14.04,0,191,115
2022-02-02,Product_B,Store_2,13.87,0,178,82
2022-02-03,Product_B,Store_2,25.32,0,32,99
2022-02-04,Product_B,Store_2,8.89,0,125,92
2022-02-05,Product_B,Store_2,8.26,1,75,154
2022-02-06,Product_B,Store_2,14.69,1,35,141
2022-02-07,Product_B,Store_2,28.38,0,167,94
2022-02-08,Product_B,Store_2,17.93,0,239,87
2022-02-09,Product_B,Store_2,29.54,0,152,95
2022-02-10,Product_B,Store_2,26.26,0,20,127
2022-02-11,Product_B,Store_2,18.03,0,45,100
2022-02-12,Product_B,Store_2,22.47,0,30,115
2022-02-13,Product_B,Store_2,15.79,0,72,121
2022-02-14,Product_B,Store_2,13.52,1,34,148
2022-02-15,Product_B,Store_2,14.14,1,49,150
2022-02-16,Product_B,Store_2,14.55,1,232,116
2022-02-17,Product_B,Store_2,19.71,0,245,124
2022-02-18,Product_B,Store_2,13.57,0,97,108
2022-02-19,Product_B,Store_2,12.39,0,122,107
2022-02-20,Product_B,Store_2,27.19,0,241,121
2022-02-21,Product_B,Store_2,9.96,0,149,91
2022-02-22,Product_B,Store_2,15.71,0,177,102
2022-02-23,Product_B,Store_2,29.31,0,76,92
2022-02-24,Product_B,Store_2,8.18,0,50,104
2022-02-25,Product_B,Store_2,12.43,0,231,112
2022-02-26,Product_B,Store_2,21.7,0,137,103
2022-02-27,Product_B,Store_2,11.45,0,26,119
2022-02-28,Product_B,Store_2,21.23,1,143,141
2022-03-01,Product_B,Store_2,20.21,0,146,119
2022-03-02,Product_B,Store_2,9.17,0,151,126
2022-03-03,Product_B,Store_2,9.09,0,54,120
2022-03-04,Product_B,Store_2,29.46,0,207,105
2022-03-05,Product_B,Store_2,18.94,0,136,121
2022-03-06,Product_B,Store_2,17.31,0,243,114
2022-03-07,Product_B,Store_2,14.13,0,206,92
2022-03-08,Product_B,Store_2,20.99,0,229,104
2022-03-09,Product_B,Store_2,25.27,0,128,102
2022-03-10,Product_B,Store_2,17.2,0,110,104
2022-03-11,Product_B,Store_2,17.86,0,247,112
2022-03-12,Product_B,Store_2,26.63,0,23,137
2022-03-13,Product_B,Store_2,27.57,0,99,117
2022-03-14,Product_B,Store_2,17.53,0,55,103
2022-03-15,Product_B,Store_2,28.48,0,78,125
2022-03-16,Product_B,Store_2,13.62,1,236,158
2022-03-17,Product_B,Store_2,29.86,0,165,103
2022-03-18,Product_B,Store_2,16.15,0,188,94
2022-03-19,Product_B,Store_2,18.14,0,120,123
2022-03-20,Product_B,Store_2,28.73,1,180,203
2022-03-21,Product_B,Store_2,19.53,0,69,113
2022-03-22,Product_B,Store_2,28.03,0,137,109
2022-03-23,Product_B,Store_2,29.09,0,166,96
2022-03-24,Product_B,Store_2,9.09,0,126,103
2022-03-25,Product_B,Store_2,28.62,0,61,119
2022-03-26,Product_B,Store_2,21.47,0,98,121
2022-03-27,Product_B,Store_2,20.98,0,42,122
2022-03-28,Product_B,Store_2,17.5,0,74,121
2022-03-29,Product_B,Store_2,20.23,0,82,105
2022-03-30,Product_B,Store_2,21.65,0,217,110
2022-03-31,Product_B,Store_2,28.71,0,162,133
2022-04-01,Product_B,Store_2,17.8,0,110,113
2022-04-02,Product_B,Store_2,8.95,1,79,168
2022-04-03,Product_B,Store_2,25.51,0,40,110
2022-04-04,Product_B,Store_2,20.38,0,184,103
2022-04-05,Product_B,Store_2,24.88,0,148,125
2022-04-06,Product_B,Store_2,27.04,0,102,118
2022-04-07,Product_B,Store_2,24.5,0,223,129
2022-04-08,Product_B,Store_2,8.44,0,242,127
2022-04-09,Product_B,Store_2,29.94,1,156,165
2022-04-10,Product_B,Store_2,28.43,0,35,133
2022-04-11,Product_B,Store_2,15.79,0,40,106
2022-04-12,Product_B,Store_2,27.84,0,67,119
2022-04-13,Product_B,Store_2,18.39,0,164,112
2022-04-14,Product_B,Store_2,15.08,0,228,110
2022-04-15,Product_B,Store_2,25.09,0,198,107
2022-04-16,Product_B,Store_2,26.91,0,206,129
2022-04-17,Product_B,Store_2,18.43,0,192,117
2022-04-18,Product_B,Store_2,22.55,0,96,112
2022-04-19,Product_B,Store_2,27.17,0,66,116
2022-04-20,Product_B,Store_2,27.6,0,38,98
2022-04-21,Product_B,Store_2,16.74,0,47,123
2022-04-22,Product_B,Store_2,11.8,1,215,151
2022-04-23,Product_B,Store_2,29.17,0,36,133
2022-04-24,Product_B,Store_2,9.22,0,31,127
2022-04-25,Product_B,Store_2,16.01,0,111,104
2022-04-26,Product_B,Store_2,23.78,0,183,97
2022-04-27,Product_B,Store_2,13.64,0,141,104
2022-04-28,Product_B,Store_2,23.13,0,95,83
2022-04-29,Product_B,Store_2,15.01,0,26,93
2022-04-30,Product_B,Store_2,19.85,0,45,111
2022-05-01,Product_B,Store_2,19.27,0,131,134
2022-05-02,Product_B,Store_2,22.33,0,221,118
2022-05-03,Product_B,Store_2,13.64,0,235,98
2022-05-04,Product_B,Store_2,12.9,0,26,84
2022-05-05,Product_B,Store_2,21.15,0,78,114
2022-05-06,Product_B,Store_2,24.1,0,228,109
2022-05-07,Product_B,Store_2,25.57,0,79,115
2022-05-08,Product_B,Store_2,29.01,0,33,122
2022-05-09,Product_B,Store_2,16.12,0,166,105
2022-05-10,Product_B,Store_2,24.01,0,227,106
2022-05-11,Product_B,Store_2,24.77,0,173,109
2022-05-12,Product_B,Store_2,14.27,0,247,105
2022-05-13,Product_B,Store_2,13.08,0,208,114
2022-05-14,Product_B,Store_2,23.26,1,53,139
2022-05-15,Product_B,Store_2,21.95,0,156,108
2022-05-16,Product_B,Store_2,24.64,0,62,104
2022-05-17,Product_B,Store_2,12.94,0,184,105
2022-05-18,Product_B,Store_2,25.1,0,125,120
2022-05-19,Product_B,Store_2,19.34,0,233,101
2022-05-20,Product_B,Store_2,20.27,0,176,108
2022-05-21,Product_B,Store_2,24.51,0,72,108
2022-05-22,Product_B,Store_2,28.56,0,124,124
2022-05-23,Product_B,Store_2,10.59,0,89,112
2022-05-24,Product_B,Store_2,18.39,0,137,91
2022-05-25,Product_B,Store_2,8.13,0,162,97
2022-05-26,Product_B,Store_2,25.47,0,189,97
2022-05-27,Product_B,Store_2,23.55,0,172,111
2022-05-28,Product_B,Store_2,8.19,0,40,118
2022-05-29,Product_B,Store_2,26.03,1,222,159
2022-05-30,Product_B,Store_2,22.77,0,201,113
2022-05-31,Product_B,Store_2,26.42,0,30,99
2022-06-01,Product_B,Store_2,22.47,1,50,152
2022-06-02,Product_B,Store_2,22.18,0,44,106
2022-06-03,Product_B,Store_2,13.6,0,202,115
2022-06-04,Product_B,Store_2,23.88,0,125,120
2022-06-05,Product_B,Store_2,16.98,0,39,108
2022-06-06,Product_B,Store_2,15.55,0,64,101
2022-06-07,Product_B,Store_2,13.04,1,168,159
2022-06-08,Product_B,Store_2,29.26,0,26,100
2022-06-09,Product_B,Store_2,24.98,1,91,122
2022-06-10,Product_B,Store_2,20.1,1,233,120
2022-06-11,Product_B,Store_2,22.89,1,149,153
2022-06-12,Product_B,Store_2,21.77,1,24,139
2022-06-13,Product_B,Store_2,10.3,0,137,98
2022-06-14,Product_B,Store_2,18.13,0,223,76
2022-06-15,Product_B,Store_2,17.51,0,229,110
2022-06-16,Product_B,Store_2,9.45,0,227,74
2022-06-17,Product_B,Store_2,14.18,1,29,127
2022-06-18,Product_B,Store_2,10.21,0,151,130
2022-06-19,Product_B,Store_2,9.78,0,199,89
2022-06-20,Product_B,Store_2,9.22,0,87,115
2022-06-21,Product_B,Store_2,9.76,0,208,96
2022-06-22,Product_B,Store_2,21.47,0,52,90
2022-06-23,Product_B,Store_2,12.75,0,38,105
2022-06-24,Product_B,Store_2,25.38,1,135,158
2022-06-25,Product_B,Store_2,17.06,0,127,113
2022-06-26,Product_B,Store_2,17.54,0,207,105
2022-06-27,Product_B,Store_2,21.64,0,101,89
2022-06-28,Product_B,Store_2,22.93,0,50,97
2022-06-29,Product_B,Store_2,17.12,0,133,92
2022-06-30,Product_B,Store_2,27.0,0,74,102
2022-07-01,Product_B,Store_2,25.05,0,51,94
2022-07-02,Product_B,Store_2,14.84,1,133,142
2022-07-03,Product_B,Store_2,22.96,1,69,138
2022-07-04,Product_B,Store_2,12.12,0,172,94
2022-07-05,Product_B,Store_2,28.37,1,216,121
2022-07-06,Product_B,Store_2,19.52,0,39,85
2022-07-07,Product_B,Store_2,27.61,1,243,128
2022-07-08,Product_B,Store_2,16.6,0,41,78
2022-07-09,Product_B,Store_2,22.7,0,115,109
2022-07-10,Product_B,Store_2,23.24,0,156,126
2022-07-11,Product_B,Store_2,15.85,0,241,74
2022-07-12,Product_B,Store_2,13.58,0,89,90
2022-07-13,Product_B,Store_2,23.16,0,34,77
2022-07-14,Product_B,Store_2,23.37,0,102,93
2022-07-15,Product_B,Store_2,28.19,1,100,123
2022-07-16,Product_B,Store_2,27.13,0,81,90
2022-07-17,Product_B,Store_2,10.03,0,205,102
2022-07-18,Product_B,Store_2,19.48,0,48,97
2022-07-19,Product_B,Store_2,8.68,1,170,113
2022-07-20,Product_B,Store_2,23.54,0,72,80
2022-07-21,Product_B,Store_2,18.25,0,116,87
2022-07-22,Product_B,Store_2,8.34,0,45,71
2022-07-23,Product_B,Store_2,10.07,0,161,99
2022-07-24,Product_B,Store_2,10.69,0,124,96
2022-07-25,Product_B,Store_2,16.5,0,98,89
2022-07-26,Product_B,Store_2,29.74,0,93,94
2022-07-27,Product_B,Store_2,28.62,0,24,88
2022-07-28,Product_B,Store_2,26.95,0,41,79
2022-07-29,Product_B,Store_2,10.0,0,172,84
2022-07-30,Product_B,Store_2,15.86,0,191,100
2022-07-31,Product_B,Store_2,17.76,0,34,82
2022-08-01,Product_B,Store_2,12.77,0,210,98
2022-08-02,Product_B,Store_2,17.72,1,203,116
2022-08-03,Product_B,Store_2,24.93,0,38,68
2022-08-04,Product_B,Store_2,23.15,0,154,55
2022-08-05,Product_B,Store_2,14.92,0,129,77
2022-08-06,Product_B,Store_2,14.0,0,231,74
2022-08-07,Product_B,Store_2,25.37,0,150,90
2022-08-08,Product_B,Store_2,19.43,0,142,82
2022-08-09,Product_B,Store_2,11.79,0,171,78
2022-08-10,Product_B,Store_2,28.58,1,128,135
2022-08-11,Product_B,Store_2,22.22,0,198,77
2022-08-12,Product_B,Store_2,22.16,0,95,82
2022-08-13,Product_B,Store_2,24.33,0,189,103
2022-08-14,Product_B,Store_2,16.41,0,168,90
2022-08-15,Product_B,Store_2,25.29,0,89,65
2022-08-16,Product_B,Store_2,24.97,1,184,140
2022-08-17,Product_B,Store_2,11.56,0,62,83
2022-08-18,Product_B,Store_2,26.3,0,226,82
2022-08-19,Product_B,Store_2,22.79,0,195,82
2022-08-20,Product_B,Store_2,24.76,0,187,81
2022-08-21,Product_B,Store_2,26.55,0,107,82
2022-08-22,Product_B,Store_2,23.26,0,61,75
2022-08-23,Product_B,Store_2,11.84,0,97,66
2022-08-24,Product_B,Store_2,21.94,0,109,66
2022-08-25,Product_B,Store_2,28.22,0,74,77
2022-08-26,Product_B,Store_2,21.68,0,148,59
2022-08-27,Product_B,Store_2,14.64,0,37,98
2022-08-28,Product_B,Store_2,26.03,0,20,97
2022-08-29,Product_B,Store_2,13.02,0,146,75
2022-08-30,Product_B,Store_2,23.63,1,181,106
2022-08-31,Product_B,Store_2,9.15,0,197,71
2022-09-01,Product_B,Store_2,14.29,0,208,72
2022-09-02,Product_B,Store_2,13.97,0,205,93
2022-09-03,Product_B,Store_2,8.23,0,170,88
2022-09-04,Product_B,Store_2,26.36,0,64,98
2022-09-05,Product_B,Store_2,19.64,0,30,60
2022-09-06,Product_B,Store_2,20.94,0,230,73
2022-09-07,Product_B,Store_2,25.01,0,62,69
2022-09-08,Product_B,Store_2,20.18,1,228,128
2022-09-09,Product_B,Store_2,27.81,1,168,95
2022-09-10,Product_B,Store_2,8.75,0,27,84
2022-09-11,Product_B,Store_2,23.99,0,74,99
2022-09-12,Product_B,Store_2,9.98,0,191,65
2022-09-13,Product_B,Store_2,14.6,0,138,67
2022-09-14,Product_B,Store_2,13.77,0,70,78
2022-09-15,Product_B,Store_2,8.18,0,123,79
2022-09-16,Product_B,Store_2,21.48,0,134,67
2022-09-17,Product_B,Store_2,18.45,0,136,88
2022-09-18,Product_B,Store_2,26.35,0,154,78
2022-09-19,Product_B,Store_2,15.65,0,97,61
2022-09-20,Product_B,Store_2,14.21,0,108,80
2022-09-21,Product_B,Store_2,29.73,1,193,112
2022-09-22,Product_B,Store_2,9.29,0,46,62
2022-09-23,Product_B,Store_2,24.09,1,71,119
2022-09-24,Product_B,Store_2,20.74,0,80,87
2022-09-25,Product_B,Store_2,14.9,0,202,92
2022-09-26,Product_B,Store_2,27.5,0,80,69
2022-09-27,Product_B,Store_2,20.45,0,155,73
2022-09-28,Product_B,Store_2,16.77,0,123,68
2022-09-29,Product_B,Store_2,27.18,0,231,82
2022-09-30,Product_B,Store_2,16.64,0,68,74
2022-10-01,Product_B,Store_2,21.15,1,219,118
2022-10-02,Product_B,Store_2,24.92,0,101,91
2022-10-03,Product_B,Store_2,24.55,0,118,86
2022-10-04,Product_B,Store_2,11.06,0,155,55
2022-10-05,Product_B,Store_2,9.43,1,56,132
2022-10-06,Product_B,Store_2,27.43,0,31,63
2022-10-07,Product_B,Store_2,17.36,0,36,65
2022-10-08,Product_B,Store_2,18.59,0,247,75
2022-10-09,Product_B,Store_2,29.58,0,85,96
2022-10-10,Product_B,Store_2,10.79,0,173,92
2022-10-11,Product_B,Store_2,17.87,0,59,63
2022-10-12,Product_B,Store_2,26.47,0,56,69
2022-10-13,Product_B,Store_2,20.78,0,154,81
2022-10-14,Product_B,Store_2,9.6,0,188,69
2022-10-15,Product_B,Store_2,23.03,0,92,77
2022-10-16,Product_B,Store_2,13.72,0,65,105
2022-10-17,Product_B,Store_2,26.29,0,138,74
2022-10-18,Product_B,Store_2,17.88,0,143,61
2022-10-19,Product_B,Store_2,10.87,0,132,86
2022-10-20,Product_B,Store_2,27.82,0,83,54
2022-10-21,Product_B,Store_2,12.93,0,86,64
2022-10-22,Product_B,Store_2,26.96,0,48,84
2022-10-23,Product_B,Store_2,8.55,0,120,87
2022-10-24,Product_B,Store_2,14.76,0,245,71
2022-10-25,Product_B,Store_2,13.23,0,47,64
2022-10-26,Product_B,Store_2,8.71,0,234,85
2022-10-27,Product_B,Store_2,12.67,0,195,61
2022-10-28,Product_B,Store_2,19.89,0,61,76
2022-10-29,Product_B,Store_2,23.97,0,121,85
2022-10-30,Product_B,Store_2,20.27,0,94,72
2022-10-31,Product_B,Store_2,16.86,0,71,88
2022-11-01,Product_B,Store_2,28.69,0,170,73
2022-11-02,Product_B,Store_2,25.31,1,157,130
2022-11-03,Product_B,Store_2,13.96,0,83,73
2022-11-04,Product_B,Store_2,15.5,0,201,68
2022-11-05,Product_B,Store_2,21.67,0,202,98
2022-11-06,Product_B,Store_2,15.95,0,176,52
2022-11-07,Product_B,Store_2,23.61,0,132,65
2022-11-08,Product_B,Store_2,8.39,0,50,72
2022-11-09,Product_B,Store_2,13.55,0,34,61
2022-11-10,Product_B,Store_2,29.37,1,39,100
2022-11-11,Product_B,Store_2,15.76,0,127,64
2022-11-12,Product_B,Store_2,24.36,0,74,84
2022-11-13,Product_B,Store_2,21.48,0,152,72
2022-11-14,Product_B,Store_2,27.03,1,122,98
2022-11-15,Product_B,Store_2,24.74,0,156,75
2022-11-16,Product_B,Store_2,10.69,0,130,89
2022-11-17,Product_B,Store_2,12.14,0,66,87
2022-11-18,Product_B,Store_2,17.76,0,230,60
2022-11-19,Product_B,Store_2,14.72,0,182,93
2022-11-20,Product_B,Store_2,8.51,0,186,99
2022-11-21,Product_B,Store_2,15.37,0,55,62
2022-11-22,Product_B,Store_2,18.4,0,128,79
2022-11-23,Product_B,Store_2,25.53,0,165,86
2022-11-24,Product_B,Store_2,12.73,0,202,75
2022-11-25,Product_B,Store_2,23.47,1,247,134
2022-11-26,Product_B,Store_2,28.63,0,50,93
2022-11-27,Product_B,Store_2,26.28,0,209,97
2022-11-28,Product_B,Store_2,12.78,1,186,136
2022-11-29,Product_B,Store_2,14.45,0,180,96
2022-11-30,Product_B,Store_2,25.41,0,205,72
2022-12-01,Product_B,Store_2,18.21,0,175,63
2022-12-02,Product_B,Store_2,14.19,0,227,78
2022-12-03,Product_B,Store_2,24.9,0,205,101
2022-12-04,Product_B,Store_2,26.09,0,59,105
2022-12-05,Product_B,Store_2,19.58,0,236,81
2022-12-06,Product_B,Store_2,16.39,0,192,80
2022-12-07,Product_B,Store_2,9.2,0,100,79
2022-12-08,Product_B,Store_2,16.38,1,178,132
2022-12-09,Product_B,Store_2,28.92,1,150,139
2022-12-10,Product_B,Store_2,11.18,0,20,88
2022-12-11,Product_B,Store_2,21.57,1,117,145
2022-12-12,Product_B,Store_2,27.51,0,114,74
2022-12-13,Product_B,Store_2,10.6,0,191,93
2022-12-14,Product_B,Store_2,17.83,0,173,79
2022-12-15,Product_B,Store_2,27.47,0,234,92
2022-12-16,Product_B,Store_2,10.58,0,234,81
2022-12-17,Product_B,Store_2,29.66,1,93,135
2022-12-18,Product_B,Store_2,15.32,0,160,126
2022-12-19,Product_B,Store_2,12.33,1,246,123
2022-12-20,Product_B,Store_2,20.34,0,94,85
2022-12-21,Product_B,Store_2,19.41,0,56,78
2022-12-22,Product_B,Store_2,24.57,0,239,91
2022-12-23,Product_B,Store_2,20.36,0,148,93
2022-12-24,Product_B,Store_2,18.93,0,210,99
2022-12-25,Product_B,Store_2,26.33,0,96,110
2022-12-26,Product_B,Store_2,24.91,0,68,85
2022-12-27,Product_B,Store_2,20.83,0,220,105
2022-12-28,Product_B,Store_2,15.32,0,194,85
2022-12-29,Product_B,Store_2,25.96,1,190,110
2022-12-30,Product_B,Store_2,17.85,0,182,91
2022-12-31,Product_B,Store_2,29.71,0,157,98
2023-01-01,Product_B,Store_2,16.45,0,42,99
2023-01-02,Product_B,Store_2,24.11,0,167,86
2023-01-03,Product_B,Store_2,22.11,0,128,94
2023-01-04,Product_B,Store_2,12.95,0,125,103
2023-01-05,Product_B,Store_2,25.16,0,239,92
2023-01-06,Product_B,Store_2,20.71,0,48,100
2023-01-07,Product_B,Store_2,23.74,0,182,111
2023-01-08,Product_B,Store_2,19.34,0,187,104
2023-01-09,Product_B,Store_2,24.65,0,119,87
2023-01-10,Product_B,Store_2,12.15,0,32,102
2023-01-11,Product_B,Store_2,13.33,0,41,96
2023-01-12,Product_B,Store_2,28.23,0,186,101
2023-01-13,Product_B,Store_2,20.95,0,84,102
2023-01-14,Product_B,Store_2,22.75,0,195,120
2023-01-15,Product_B,Store_2,8.67,0,153,113
2023-01-16,Product_B,Store_2,27.38,0,141,102
2023-01-17,Product_B,Store_2,10.64,1,187,130
2023-01-18,Product_B,Store_2,28.03,0,236,103
2023-01-19,Product_B,Store_2,28.65,0,51,105
2023-01-20,Product_B,Store_2,29.71,1,86,158
2023-01-21,Product_B,Store_2,8.73,0,42,127
2023-01-22,Product_B,Store_2,11.05,1,199,130
2023-01-23,Product_B,Store_2,11.73,0,154,104
2023-01-24,Product_B,Store_2,14.55,0,125,96
2023-01-25,Product_B,Store_2,15.7,0,246,95
2023-01-26,Product_B,Store_2,9.47,0,23,87
2023-01-27,Product_B,Store_2,10.68,0,43,90
2023-01-28,Product_B,Store_2,23.44,0,198,107
2023-01-29,Product_B,Store_2,13.01,1,139,174
2023-01-30,Product_B,Store_2,27.45,0,81,105
2023-01-31,Product_B,Store_2,9.06,1,82,154
2023-02-01,Product_B,Store_2,15.0,0,209,110
2023-02-02,Product_B,Store_2,24.22,1,68,162
2023-02-03,Product_B,Store_2,24.35,0,179,107
2023-02-04,Product_B,Store_2,17.68,0,238,142
2023-02-05,Product_B,Store_2,27.59,0,45,136
2023-02-06,Product_B,Store_2,12.13,0,144,104
2023-02-07,Product_B,Store_2,13.99,1,191,137
2023-02-08,Product_B,Store_2,29.85,0,112,113
2023-02-09,Product_B,Store_2,15.24,0,157,106
2023-02-10,Product_B,Store_2,15.92,1,223,157
2023-02-11,Product_B,Store_2,27.76,1,232,178
2023-02-12,Product_B,Store_2,17.29,0,235,109
2023-02-13,Product_B,Store_2,27.21,0,44,112
2023-02-14,Product_B,Store_2,17.48,0,213,93
2023-02-15,Product_B,Store_2,22.6,0,138,114
2023-02-16,Product_B,Store_2,20.6,0,104,111
2023-02-17,Product_B,Store_2,25.04,0,23,97
2023-02-18,Product_B,Store_2,11.42,0,211,115
2023-02-19,Product_B,Store_2,14.97,0,137,125
2023-02-20,Product_B,Store_2,13.33,1,162,127
2023-02-21,Product_B,Store_2,27.14,0,88,105
2023-02-22,Product_B,Store_2,29.12,0,169,114
2023-02-23,Product_B,Store_2,21.73,0,170,103
2023-02-24,Product_B,Store_2,9.56,0,59,112
2023-02-25,Product_B,Store_2,24.48,0,243,115
2023-02-26,Product_B,Store_2,14.8,0,178,121
2023-02-27,Product_B,Store_2,27.29,1,195,153
2023-02-28,Product_B,Store_2,26.72,0,115,124
2023-03-01,Product_B,Store_2,26.58,0,190,93
2023-03-02,Product_B,Store_2,24.07,0,100,121
2023-03-03,Product_B,Store_2,15.26,1,122,132
2023-03-04,Product_B,Store_2,19.21,1,193,144
2023-03-05,Product_B,Store_2,12.58,0,246,110
2023-03-06,Product_B,Store_2,22.83,0,22,112
2023-03-07,Product_B,Store_2,9.5,1,105,168
2023-03-08,Product_B,Store_2,16.89,0,31,110
2023-03-09,Product_B,Store_2,9.14,0,197,128
2023-03-10,Product_B,Store_2,14.36,0,230,121
2023-03-11,Product_B,Store_2,21.95,0,70,133
2023-03-12,Product_B,Store_2,21.56,0,166,116
2023-03-13,Product_B,Store_2,22.51,0,40,114
2023-03-14,Product_B,Store_2,29.55,0,155,116
2023-03-15,Product_B,Store_2,14.54,0,104,115
2023-03-16,Product_B,Store_2,10.44,1,194,167
2023-03-17,Product_B,Store_2,25.65,1,161,159
2023-03-18,Product_B,Store_2,17.98,0,209,117
2023-03-19,Product_B,Store_2,13.93,0,248,131
2023-03-20,Product_B,Store_2,18.2,0,181,108
2023-03-21,Product_B,Store_2,26.39,0,142,115
2023-03-22,Product_B,Store_2,25.7,0,245,107
2023-03-23,Product_B,Store_2,25.04,1,168,122
2023-03-24,Product_B,Store_2,11.44,0,83,133
2023-03-25,Product_B,Store_2,17.31,0,154,135
2023-03-26,Product_B,Store_2,25.67,0,27,137
2023-03-27,Product_B,Store_2,26.45,0,29,126
2023-03-28,Product_B,Store_2,28.82,0,33,112
2023-03-29,Product_B,Store_2,24.57,0,236,121
2023-03-30,Product_B,Store_2,9.65,0,82,114
2023-03-31,Product_B,Store_2,16.62,0,74,108
2023-04-01,Product_B,Store_2,20.18,0,104,113
2023-04-02,Product_B,Store_2,23.46,1,52,184
2023-04-03,Product_B,Store_2,27.93,0,204,107
2023-04-04,Product_B,Store_2,17.89,0,211,94
2023-04-05,Product_B,Store_2,14.44,0,237,119
2023-04-06,Product_B,Store_2,24.78,1,123,166
2023-04-07,Product_B,Store_2,27.76,1,149,156
2023-04-08,Product_B,Store_2,19.47,1,75,183
2023-04-09,Product_B,Store_2,10.23,0,204,112
2023-04-10,Product_B,Store_2,18.68,0,155,126
2023-04-11,Product_B,Store_2,20.11,0,209,110
2023-04-12,Product_B,Store_2,29.31,0,97,109
2023-04-13,Product_B,Store_2,24.77,0,55,96
2023-04-14,Product_B,Store_2,10.93,0,176,113
2023-04-15,Product_B,Store_2,9.81,0,186,119
2023-04-16,Product_B,Store_2,12.68,0,40,132
2023-04-17,Product_B,Store_2,23.26,0,41,122
2023-04-18,Product_B,Store_2,29.6,0,226,123
2023-04-19,Product_B,Store_2,16.17,0,84,112
2023-04-20,Product_B,Store_2,11.69,0,156,119
2023-04-21,Product_B,Store_2,16.6,1,180,154
2023-04-22,Product_B,Store_2,18.73,0,162,115
2023-04-23,Product_B,Store_2,14.42,0,23,141
2023-04-24,Product_B,Store_2,8.25,0,221,105
2023-04-25,Product_B,Store_2,18.34,0,86,107
2023-04-26,Product_B,Store_2,10.1,1,107,169
2023-04-27,Product_B,Store_2,20.97,0,34,107
2023-04-28,Product_B,Store_2,19.11,0,60,107
2023-04-29,Product_B,Store_2,23.83,0,155,128
2023-04-30,Product_B,Store_2,23.05,0,98,110
2023-05-01,Product_B,Store_2,12.14,0,24,98
2023-05-02,Product_B,Store_2,11.09,1,91,150
2023-05-03,Product_B,Store_2,25.38,0,113,108
2023-05-04,Product_B,Store_2,27.41,0,191,109
2023-05-05,Product_B,Store_2,26.28,0,245,108
2023-05-06,Product_B,Store_2,26.61,0,212,122
2023-05-07,Product_B,Store_2,11.43,0,239,124
2023-05-08,Product_B,Store_2,26.81,0,201,113
2023-05-09,Product_B,Store_2,19.82,0,199,96
2023-05-10,Product_B,Store_2,18.2,0,241,102
2023-05-11,Product_B,Store_2,21.93,0,146,111
2023-05-12,Product_B,Store_2,17.25,0,82,110
2023-05-13,Product_B,Store_2,26.69,0,182,118
2023-05-14,Product_B,Store_2,21.75,0,58,125
2023-05-15,Product_B,Store_2,18.77,0,235,114
2023-05-16,Product_B,Store_2,29.09,0,91,103
2023-05-17,Product_B,Store_2,24.23,0,188,121
2023-05-18,Product_B,Store_2,19.78,0,53,94
2023-05-19,Product_B,Store_2,19.62,0,84,108
2023-05-20,Product_B,Store_2,20.68,0,166,115
2023-05-21,Product_B,Store_2,10.7,1,102,138
2023-05-22,Product_B,Store_2,11.93,1,62,144
2023-05-23,Product_B,Store_2,25.18,1,144,140
2023-05-24,Product_B,Store_2,18.25,0,78,92
2023-05-25,Product_B,Store_2,18.09,0,244,101
2023-05-26,Product_B,Store_2,9.39,0,29,92
2023-05-27,Product_B,Store_2,29.01,0,162,123
2023-05-28,Product_B,Store_2,26.32,0,141,112
2023-05-29,Product_B,Store_2,13.1,0,35,95
2023-05-30,Product_B,Store_2,23.29,0,197,103
2023-05-31,Product_B,Store_2,25.2,0,169,102
2023-06-01,Product_B,Store_2,9.89,0,81,81
2023-06-02,Product_B,Store_2,29.34,0,110,109
2023-06-03,Product_B,Store_2,13.39,0,137,109
2023-06-04,Product_B,Store_2,20.13,0,231,125
2023-06-05,Product_B,Store_2,15.27,0,166,88
2023-06-06,Product_B,Store_2,12.68,0,162,110
2023-06-07,Product_B,Store_2,9.42,0,163,95
2023-06-08,Product_B,Store_2,16.66,0,246,104
2023-06-09,Product_B,Store_2,23.39,0,245,101
2023-06-10,Product_B,Store_2,29.83,0,103,93
2023-06-11,Product_B,Store_2,25.75,0,223,119
2023-06-12,Product_B,Store_2,16.27,0,202,103
2023-06-13,Product_B,Store_2,15.07,0,177,101
2023-06-14,Product_B,Store_2,29.75,0,170,94
2023-06-15,Product_B,Store_2,9.2,0,130,116
2023-06-16,Product_B,Store_2,14.0,0,165,83
2023-06-17,Product_B,Store_2,15.28,0,216,100
2023-06-18,Product_B,Store_2,20.43,0,177,103
2023-06-19,Product_B,Store_2,26.69,0,231,97
2023-06-20,Product_B,Store_2,21.57,0,143,81
2023-06-21,Product_B,Store_2,14.74,0,160,108
2023-06-22,Product_B,Store_2,24.14,0,207,91
2023-06-23,Product_B,Store_2,23.03,0,144,101
2023-06-24,Product_B,Store_2,24.63,1,57,181
2023-06-25,Product_B,Store_2,25.14,0,205,106
2023-06-26,Product_B,Store_2,10.88,0,161,101
2023-06-27,Product_B,Store_2,8.77,1,174,103
2023-06-28,Product_B,Store_2,10.22,0,184,103
2023-06-29,Product_B,Store_2,23.06,0,150,94
2023-06-30,Product_B,Store_2,27.39,1,189,134
2023-07-01,Product_B,Store_2,14.05,0,249,106
2023-07-02,Product_B,Store_2,14.1,0,147,130
2023-07-03,Product_B,Store_2,17.93,0,164,103
2023-07-04,Product_B,Store_2,27.06,0,199,86
2023-07-05,Product_B,Store_2,22.28,0,212,95
2023-07-06,Product_B,Store_2,27.23,0,207,87
2023-07-07,Product_B,Store_2,17.23,0,55,106
2023-07-08,Product_B,Store_2,18.54,0,88,109
2023-07-09,Product_B,Store_2,20.38,0,103,94
2023-07-10,Product_B,Store_2,12.74,0,242,77
2023-07-11,Product_B,Store_2,16.89,0,21,103
2023-07-12,Product_B,Store_2,29.82,0,132,82
2023-07-13,Product_B,Store_2,23.25,0,173,83
2023-07-14,Product_B,Store_2,28.72,0,165,82
2023-07-15,Product_B,Store_2,25.46,0,134,102
2023-07-16,Product_B,Store_2,22.72,0,243,99
2023-07-17,Product_B,Store_2,24.69,0,125,96
2023-07-18,Product_B,Store_2,9.58,0,147,81
2023-07-19,Product_B,Store_2,23.87,0,129,89
2023-07-20,Product_B,Store_2,24.45,1,90,148
2023-07-21,Product_B,Store_2,22.07,1,41,118
2023-07-22,Product_B,Store_2,17.4,0,134,100
2023-07-23,Product_B,Store_2,10.6,0,162,117
2023-07-24,Product_B,Store_2,16.58,0,239,89
2023-07-25,Product_B,Store_2,23.88,0,37,92
2023-07-26,Product_B,Store_2,25.54,0,78,75
2023-07-27,Product_B,Store_2,17.61,0,240,93
2023-07-28,Product_B,Store_2,25.13,0,48,69
2023-07-29,Product_B,Store_2,8.46,0,124,86
2023-07-30,Product_B,Store_2,24.16,0,109,101
2023-07-31,Product_B,Store_2,15.2,0,179,71
2023-08-01,Product_B,Store_2,28.48,0,134,74
2023-08-02,Product_B,Store_2,22.66,0,25,82
2023-08-03,Product_B,Store_2,12.1,0,164,83
2023-08-04,Product_B,Store_2,11.86,0,148,83
2023-08-05,Product_B,Store_2,11.02,0,199,92
2023-08-06,Product_B,Store_2,16.21,0,141,105
2023-08-07,Product_B,Store_2,15.16,0,48,84
2023-08-08,Product_B,Store_2,24.76,0,107,98
2023-08-09,Product_B,Store_2,14.8,1,146,86
2023-08-10,Product_B,Store_2,26.05,0,73,96
2023-08-11,Product_B,Store_2,21.51,0,232,92
2023-08-12,Product_B,Store_2,19.94,0,162,89
2023-08-13,Product_B,Store_2,17.46,0,69,87
2023-08-14,Product_B,Store_2,12.28,0,137,75
2023-08-15,Product_B,Store_2,22.83,0,150,103
2023-08-16,Product_B,Store_2,9.16,0,203,79
2023-08-17,Product_B,Store_2,27.72,0,142,74
2023-08-18,Product_B,Store_2,10.21,0,183,83
2023-08-19,Product_B,Store_2,29.91,0,138,106
2023-08-20,Product_B,Store_2,17.11,0,243,79
2023-08-21,Product_B,Store_2,14.41,0,63,71
2023-08-22,Product_B,Store_2,10.44,1,170,116
2023-08-23,Product_B,Store_2,16.21,1,114,111
2023-08-24,Product_B,Store_2,29.11,0,79,82
2023-08-25,Product_B,Store_2,27.62,0,215,65
2023-08-26,Product_B,Store_2,27.45,0,37,92
2023-08-27,Product_B,Store_2,12.95,0,26,89
2023-08-28,Product_B,Store_2,20.44,1,218,83
2023-08-29,Product_B,Store_2,22.38,0,165,62
2023-08-30,Product_B,Store_2,25.14,0,40,79
2023-08-31,Product_B,Store_2,20.87,0,174,49
2023-09-01,Product_B,Store_2,29.24,0,62,61
2023-09-02,Product_B,Store_2,27.96,0,164,91
2023-09-03,Product_B,Store_2,20.17,0,47,96
2023-09-04,Product_B,Store_2,9.85,1,221,115
2023-09-05,Product_B,Store_2,11.68,0,249,75
2023-09-06,Product_B,Store_2,27.23,0,226,94
2023-09-07,Product_B,Store_2,8.86,0,139,69
2023-09-08,Product_B,Store_2,21.12,1,75,136
2023-09-09,Product_B,Store_2,20.16,0,95,90
2023-09-10,Product_B,Store_2,24.82,0,109,90
2023-09-11,Product_B,Store_2,19.14,0,66,67
2023-09-12,Product_B,Store_2,17.38,0,213,74
2023-09-13,Product_B,Store_2,27.39,0,138,79
2023-09-14,Product_B,Store_2,23.79,0,78,53
2023-09-15,Product_B,Store_2,22.82,0,140,62
2023-09-16,Product_B,Store_2,10.43,0,70,77
2023-09-17,Product_B,Store_2,8.69,0,243,91
2023-09-18,Product_B,Store_2,23.55,0,203,59
2023-09-19,Product_B,Store_2,9.34,0,138,67
2023-09-20,Product_B,Store_2,29.36,0,130,77
2023-09-21,Product_B,Store_2,11.54,1,40,126
2023-09-22,Product_B,Store_2,14.45,0,50,80
2023-09-23,Product_B,Store_2,26.71,0,34,85
2023-09-24,Product_B,Store_2,8.13,1,98,100
2023-09-25,Product_B,Store_2,9.65,0,118,72
2023-09-26,Product_B,Store_2,28.69,1,171,100
2023-09-27,Product_B,Store_2,29.43,0,86,67
2023-09-28,Product_B,Store_2,12.27,1,209,99
2023-09-29,Product_B,Store_2,22.02,0,23,74
2023-09-30,Product_B,Store_2,15.07,0,38,73
2023-10-01,Product_B,Store_2,20.81,1,93,130
2023-10-02,Product_B,Store_2,22.86,0,229,70
2023-10-03,Product_B,Store_2,13.6,0,93,66
2023-10-04,Product_B,Store_2,14.59,0,156,66
2023-10-05,Product_B,Store_2,23.98,0,210,64
2023-10-06,Product_B,Store_2,19.95,0,28,84
2023-10-07,Product_B,Store_2,11.3,1,147,117
2023-10-08,Product_B,Store_2,28.31,0,142,82
2023-10-09,Product_B,Store_2,14.04,0,58,72
2023-10-10,Product_B,Store_2,14.07,0,67,66
2023-10-11,Product_B,Store_2,21.42,0,190,83
2023-10-12,Product_B,Store_2,22.84,0,228,55
2023-10-13,Product_B,Store_2,13.58,0,154,81
2023-10-14,Product_B,Store_2,26.84,0,162,75
2023-10-15,Product_B,Store_2,23.29,0,196,89
2023-10-16,Product_B,Store_2,15.83,0,224,71
2023-10-17,Product_B,Store_2,12.51,1,213,121
2023-10-18,Product_B,Store_2,16.25,0,80,52
2023-10-19,Product_B,Store_2,19.56,0,150,67
2023-10-20,Product_B,Store_2,20.8,0,32,66
2023-10-21,Product_B,Store_2,12.53,0,82,93
2023-10-22,Product_B,Store_2,9.46,0,92,88
2023-10-23,Product_B,Store_2,16.67,0,159,74
2023-10-24,Product_B,Store_2,20.63,0,181,71
2023-10-25,Product_B,Store_2,15.77,0,166,83
2023-10-26,Product_B,Store_2,28.97,1,84,112
2023-10-27,Product_B,Store_2,28.78,0,140,76
2023-10-28,Product_B,Store_2,13.78,0,87,82
2023-10-29,Product_B,Store_2,9.37,0,153,76
2023-10-30,Product_B,Store_2,11.09,0,131,66
2023-10-31,Product_B,Store_2,15.01,0,128,64
2023-11-01,Product_B,Store_2,9.29,0,125,75
2023-11-02,Product_B,Store_2,23.97,0,76,84
2023-11-03,Product_B,Store_2,21.79,0,202,79
2023-11-04,Product_B,Store_2,19.09,0,240,89
2023-11-05,Product_B,Store_2,16.68,0,161,89
2023-11-06,Product_B,Store_2,20.51,1,89,98
2023-11-07,Product_B,Store_2,29.91,0,245,73
2023-11-08,Product_B,Store_2,26.15,0,237,104
2023-11-09,Product_B,Store_2,21.82,0,177,80
2023-11-10,Product_B,Store_2,11.75,0,60,80
2023-11-11,Product_B,Store_2,8.71,0,181,99
2023-11-12,Product_B,Store_2,10.61,0,157,80
2023-11-13,Product_B,Store_2,13.15,0,87,84
2023-11-14,Product_B,Store_2,21.27,0,61,85
2023-11-15,Product_B,Store_2,12.56,0,53,72
2023-11-16,Product_B,Store_2,22.83,1,201,123
2023-11-17,Product_B,Store_2,20.78,0,110,86
2023-11-18,Product_B,Store_2,14.46,0,57,73
2023-11-19,Product_B,Store_2,10.09,1,249,119
2023-11-20,Product_B,Store_2,15.16,1,219,134
2023-11-21,Product_B,Store_2,20.79,0,22,71
2023-11-22,Product_B,Store_2,17.51,0,229,81
2023-11-23,Product_B,Store_2,11.03,0,82,79
2023-11-24,Product_B,Store_2,11.16,0,145,80
2023-11-25,Product_B,Store_2,16.26,1,231,133
2023-11-26,Product_B,Store_2,8.49,0,98,101
2023-11-27,Product_B,Store_2,17.78,0,70,88
2023-11-28,Product_B,Store_2,28.05,0,74,82
2023-11-29,Product_B,Store_2,14.89,0,29,75
2023-11-30,Product_B,Store_2,21.55,0,65,93
2023-12-01,Product_B,Store_2,28.4,0,190,82
2023-12-02,Product_B,Store_2,12.1,0,23,92
2023-12-03,Product_B,Store_2,10.27,0,149,78
2023-12-04,Product_B,Store_2,15.46,0,108,100
2023-12-05,Product_B,Store_2,15.24,1,185,144
2023-12-06,Product_B,Store_2,12.02,0,218,85
2023-12-07,Product_B,Store_2,12.04,0,240,82
2023-12-08,Product_B,Store_2,13.45,0,92,81
2023-12-09,Product_B,Store_2,22.95,0,205,103
2023-12-10,Product_B,Store_2,17.48,0,101,85
2023-12-11,Product_B,Store_2,13.74,0,78,86
2023-12-12,Product_B,Store_2,13.66,1,120,116
2023-12-13,Product_B,Store_2,8.71,0,147,92
2023-12-14,Product_B,Store_2,25.29,0,124,95
2023-12-15,Product_B,Store_2,13.12,0,164,109
2023-12-16,Product_B,Store_2,9.84,0,37,113
2023-12-17,Product_B,Store_2,17.49,0,191,107
2023-12-18,Product_B,Store_2,21.79,0,213,74
2023-12-19,Product_B,Store_2,16.9,0,211,91
2023-12-20,Product_B,Store_2,18.58,1,58,120
2023-12-21,Product_B,Store_2,29.74,0,34,74
2023-12-22,Product_B,Store_2,15.59,0,66,70
2023-12-23,Product_B,Store_2,12.05,0,116,101
2023-12-24,Product_B,Store_2,29.11,1,237,140
2023-12-25,Product_B,Store_2,12.84,0,85,88
2023-12-26,Product_B,Store_2,11.14,0,237,102
2023-12-27,Product_B,Store_2,10.37,0,108,84
2023-12-28,Product_B,Store_2,29.12,1,110,92
2023-12-29,Product_B,Store_2,26.82,0,92,95
2023-12-30,Product_B,Store_2,24.61,0,51,109
2023-12-31,Product_B,Store_2,16.53,0,97,108
2022-01-01,Product_C,Store_1,9.44,0,89,93
2022-01-02,Product_C,Store_1,19.57,0,116,68
2022-01-03,Product_C,Store_1,24.56,0,130,50
2022-01-04,Product_C,Store_1,19.66,0,163,44
2022-01-05,Product_C,Store_1,21.11,0,172,44
2022-01-06,Product_C,Store_1,19.08,0,136,54
2022-01-07,Product_C,Store_1,25.46,0,114,43
2022-01-08,Product_C,Store_1,10.06,0,195,74
2022-01-09,Product_C,Store_1,13.22,0,230,91
2022-01-10,Product_C,Store_1,22.55,1,60,116
2022-01-11,Product_C,Store_1,25.26,0,40,57
2022-01-12,Product_C,Store_1,12.97,1,124,75
2022-01-13,Product_C,Store_1,22.67,0,46,66
2022-01-14,Product_C,Store_1,21.04,0,229,79
2022-01-15,Product_C,Store_1,9.02,1,242,128
2022-01-16,Product_C,Store_1,28.41,0,45,83
2022-01-17,Product_C,Store_1,10.84,1,29,68
2022-01-18,Product_C,Store_1,26.95,0,141,55
2022-01-19,Product_C,Store_1,14.66,1,58,81
2022-01-20,Product_C,Store_1,16.25,0,130,45
2022-01-21,Product_C,Store_1,27.22,0,213,58
2022-01-22,Product_C,Store_1,27.51,1,199,106
2022-01-23,Product_C,Store_1,23.49,0,244,68
2022-01-24,Product_C,Store_1,16.79,0,179,59
2022-01-25,Product_C,Store_1,9.41,0,104,62
2022-01-26,Product_C,Store_1,18.65,0,138,53
2022-01-27,Product_C,Store_1,28.68,0,77,55
2022-01-28,Product_C,Store_1,14.28,0,163,55
2022-01-29,Product_C,Store_1,29.31,0,195,76
2022-01-30,Product_C,Store_1,10.93,0,245,59
2022-01-31,Product_C,Store_1,28.25,0,106,60
2022-02-01,Product_C,Store_1,17.04,0,94,49
2022-02-02,Product_C,Store_1,18.39,0,100,59
2022-02-03,Product_C,Store_1,11.26,0,50,59
2022-02-04,Product_C,Store_1,14.56,0,78,72
2022-02-05,Product_C,Store_1,18.76,1,159,108
2022-02-06,Product_C,Store_1,8.74,0,196,78
2022-02-07,Product_C,Store_1,21.25,0,90,65
2022-02-08,Product_C,Store_1,27.19,0,155,61
2022-02-09,Product_C,Store_1,8.48,0,114,68
2022-02-10,Product_C,Store_1,23.51,0,126,90
2022-02-11,Product_C,Store_1,22.83,0,98,80
2022-02-12,Product_C,Store_1,21.48,0,21,102
2022-02-13,Product_C,Store_1,19.43,0,97,91
2022-02-14,Product_C,Store_1,21.01,1,235,115
2022-02-15,Product_C,Store_1,23.91,1,77,123
2022-02-16,Product_C,Store_1,11.97,0,87,64
2022-02-17,Product_C,Store_1,27.28,0,245,74
2022-02-18,Product_C,Store_1,29.39,0,65,66
2022-02-19,Product_C,Store_1,27.55,0,28,79
2022-02-20,Product_C,Store_1,25.37,1,42,106
2022-02-21,Product_C,Store_1,29.64,0,130,82
2022-02-22,Product_C,Store_1,24.79,0,97,64
2022-02-23,Product_C,Store_1,28.83,0,196,70
2022-02-24,Product_C,Store_1,18.99,0,170,80
2022-02-25,Product_C,Store_1,20.32,0,106,79
2022-02-26,Product_C,Store_1,14.85,1,78,141
2022-02-27,Product_C,Store_1,12.7,0,199,92
2022-02-28,Product_C,Store_1,11.72,0,232,68
2022-03-01,Product_C,Store_1,12.82,1,193,131
2022-03-02,Product_C,Store_1,12.54,0,189,55
2022-03-03,Product_C,Store_1,10.98,0,226,75
2022-03-04,Product_C,Store_1,20.09,0,32,83
2022-03-05,Product_C,Store_1,22.04,0,185,93
2022-03-06,Product_C,Store_1,9.73,1,131,110
2022-03-07,Product_C,Store_1,13.16,0,61,79
2022-03-08,Product_C,Store_1,26.02,0,180,72
2022-03-09,Product_C,Store_1,29.51,0,125,63
2022-03-10,Product_C,Store_1,23.58,0,32,68
2022-03-11,Product_C,Store_1,25.67,0,46,72
2022-03-12,Product_C,Store_1,25.39,0,53,102
2022-03-13,Product_C,Store_1,8.3,1,201,125
2022-03-14,Product_C,Store_1,9.86,0,148,80
2022-03-15,Product_C,Store_1,26.42,0,172,63
2022-03-16,Product_C,Store_1,12.39,0,137,76
2022-03-17,Product_C,Store_1,21.09,1,120,85
2022-03-18,Product_C,Store_1,27.57,0,240,57
2022-03-19,Product_C,Store_1,10.71,0,219,103
2022-03-20,Product_C,Store_1,20.96,1,137,100
2022-03-21,Product_C,Store_1,18.74,0,37,68
2022-03-22,Product_C,Store_1,28.75,0,168,89
2022-03-23,Product_C,Store_1,18.79,0,129,61
2022-03-24,Product_C,Store_1,11.01,0,207,50
2022-03-25,Product_C,Store_1,21.74,0,131,66
2022-03-26,Product_C,Store_1,10.82,0,246,106
2022-03-27,Product_C,Store_1,8.56,1,90,137
2022-03-28,Product_C,Store_1,11.22,0,90,91
2022-03-29,Product_C,Store_1,29.67,0,232,50
2022-03-30,Product_C,Store_1,19.21,0,247,67
2022-03-31,Product_C,Store_1,14.54,0,29,65
2022-04-01,Product_C,Store_1,13.66,1,223,144
2022-04-02,Product_C,Store_1,25.21,0,162,95
2022-04-03,Product_C,Store_1,12.42,0,30,73
2022-04-04,Product_C,Store_1,28.92,0,207,76
2022-04-05,Product_C,Store_1,13.58,0,201,66
2022-04-06,Product_C,Store_1,8.3,0,221,77
2022-04-07,Product_C,Store_1,14.43,0,227,80
2022-04-08,Product_C,Store_1,23.32,1,234,114
2022-04-09,Product_C,Store_1,25.9,0,216,85
2022-04-10,Product_C,Store_1,19.35,0,86,83
2022-04-11,Product_C,Store_1,26.67,1,201,108
2022-04-12,Product_C,Store_1,19.54,0,185,79
2022-04-13,Product_C,Store_1,24.41,0,157,71
2022-04-14,Product_C,Store_1,8.79,0,47,66
2022-04-15,Product_C,Store_1,9.54,0,57,81
2022-04-16,Product_C,Store_1,12.04,0,83,86
2022-04-17,Product_C,Store_1,24.34,0,160,102
2022-04-18,Product_C,Store_1,15.58,0,135,60
2022-04-19,Product_C,Store_1,16.84,1,104,119
2022-04-20,Product_C,Store_1,15.94,0,39,75
2022-04-21,Product_C,Store_1,12.9,1,162,118
2022-04-22,Product_C,Store_1,23.07,1,229,140
2022-04-23,Product_C,Store_1,25.37,0,173,91
2022-04-24,Product_C,Store_1,8.88,0,97,90
2022-04-25,Product_C,Store_1,26.42,0,50,64
2022-04-26,Product_C,Store_1,23.02,1,154,114
2022-04-27,Product_C,Store_1,8.68,0,185,81
2022-04-28,Product_C,Store_1,9.6,0,214,91
2022-04-29,Product_C,Store_1,14.31,0,83,58
2022-04-30,Product_C,Store_1,22.34,0,170,89
2022-05-01,Product_C,Store_1,21.12,0,140,85
2022-05-02,Product_C,Store_1,26.28,0,130,79
2022-05-03,Product_C,Store_1,20.62,0,30,64
2022-05-04,Product_C,Store_1,17.74,0,181,68
2022-05-05,Product_C,Store_1,19.88,0,173,74
2022-05-06,Product_C,Store_1,11.61,0,49,59
2022-05-07,Product_C,Store_1,9.71,0,81,58
2022-05-08,Product_C,Store_1,24.9,0,207,60
2022-05-09,Product_C,Store_1,9.62,1,214,127
2022-05-10,Product_C,Store_1,12.22,0,42,60
2022-05-11,Product_C,Store_1,20.07,0,154,61
2022-05-12,Product_C,Store_1,20.37,0,40,58
2022-05-13,Product_C,Store_1,11.22,0,79,71
2022-05-14,Product_C,Store_1,24.62,0,206,82
2022-05-15,Product_C,Store_1,12.63,0,187,94
2022-05-16,Product_C,Store_1,21.36,0,235,62
2022-05-17,Product_C,Store_1,20.39,0,84,65
2022-05-18,Product_C,Store_1,12.72,0,125,60
2022-05-19,Product_C,Store_1,8.44,0,116,59
2022-05-20,Product_C,Store_1,20.14,0,122,77
2022-05-21,Product_C,Store_1,23.16,1,239,116
2022-05-22,Product_C,Store_1,24.17,0,215,83
2022-05-23,Product_C,Store_1,20.38,0,150,60
2022-05-24,Product_C,Store_1,10.43,0,143,76
2022-05-25,Product_C,Store_1,14.21,0,102,68
2022-05-26,Product_C,Store_1,9.39,0,80,53
2022-05-27,Product_C,Store_1,22.21,0,119,54
2022-05-28,Product_C,Store_1,13.67,0,108,95
2022-05-29,Product_C,Store_1,19.46,0,225,97
2022-05-30,Product_C,Store_1,24.7,0,128,65
2022-05-31,Product_C,Store_1,11.36,0,246,60
2022-06-01,Product_C,Store_1,20.34,0,120,58
2022-06-02,Product_C,Store_1,9.32,0,162,89
2022-06-03,Product_C,Store_1,8.22,0,198,70
2022-06-04,Product_C,Store_1,26.49,0,34,71
2022-06-05,Product_C,Store_1,23.4,0,135,89
2022-06-06,Product_C,Store_1,15.32,0,84,69
2022-06-07,Product_C,Store_1,15.68,0,139,66
2022-06-08,Product_C,Store_1,20.9,0,203,59
2022-06-09,Product_C,Store_1,14.93,0,249,70
2022-06-10,Product_C,Store_1,18.1,0,186,42
2022-06-11,Product_C,Store_1,21.8,1,78,133
2022-06-12,Product_C,Store_1,10.17,0,118,90
2022-06-13,Product_C,Store_1,24.82,0,192,60
2022-06-14,Product_C,Store_1,29.5,0,109,63
2022-06-15,Product_C,Store_1,13.86,0,198,49
2022-06-16,Product_C,Store_1,10.62,1,22,94
2022-06-17,Product_C,Store_1,26.87,0,203,69
2022-06-18,Product_C,Store_1,21.17,0,53,83
2022-06-19,Product_C,Store_1,10.15,0,46,77
2022-06-20,Product_C,Store_1,28.43,0,102,60
2022-06-21,Product_C,Store_1,13.98,0,59,56
2022-06-22,Product_C,Store_1,26.73,1,92,117
2022-06-23,Product_C,Store_1,17.69,0,96,59
2022-06-24,Product_C,Store_1,27.59,0,77,30
2022-06-25,Product_C,Store_1,25.98,0,187,76
2022-06-26,Product_C,Store_1,26.22,0,158,70
2022-06-27,Product_C,Store_1,11.66,0,26,48
2022-06-28,Product_C,Store_1,17.29,0,144,56
2022-06-29,Product_C,Store_1,12.24,0,138,36
2022-06-30,Product_C,Store_1,23.17,0,192,58
2022-07-01,Product_C,Store_1,23.17,0,98,63
2022-07-02,Product_C,Store_1,8.89,1,194,104
2022-07-03,Product_C,Store_1,12.02,0,243,74
2022-07-04,Product_C,Store_1,25.03,0,72,72
2022-07-05,Product_C,Store_1,17.49,0,149,56
2022-07-06,Product_C,Store_1,12.5,0,244,50
2022-07-07,Product_C,Store_1,16.69,0,67,49
2022-07-08,Product_C,Store_1,10.78,0,119,59
2022-07-09,Product_C,Store_1,9.76,0,144,76
2022-07-10,Product_C,Store_1,27.0,0,164,77
2022-07-11,Product_C,Store_1,14.53,0,242,47
2022-07-12,Product_C,Store_1,27.54,0,214,47
2022-07-13,Product_C,Store_1,29.73,1,121,124
2022-07-14,Product_C,Store_1,11.15,0,230,40
2022-07-15,Product_C,Store_1,8.99,0,71,44
2022-07-16,Product_C,Store_1,10.84,0,90,59
2022-07-17,Product_C,Store_1,15.74,0,187,53
2022-07-18,Product_C,Store_1,9.66,0,134,58
2022-07-19,Product_C,Store_1,25.06,1,200,106
2022-07-20,Product_C,Store_1,19.51,0,177,58
2022-07-21,Product_C,Store_1,25.27,0,206,56
2022-07-22,Product_C,Store_1,20.13,0,152,53
2022-07-23,Product_C,Store_1,21.13,0,154,52
2022-07-24,Product_C,Store_1,8.19,0,51,48
2022-07-25,Product_C,Store_1,24.76,0,128,37
2022-07-26,Product_C,Store_1,13.34,0,208,48
2022-07-27,Product_C,Store_1,27.77,0,21,46
2022-07-28,Product_C,Store_1,17.63,0,211,58
2022-07-29,Product_C,Store_1,12.94,0,99,50
2022-07-30,Product_C,Store_1,20.25,0,108,64
2022-07-31,Product_C,Store_1,18.84,0,109,71
2022-08-01,Product_C,Store_1,12.06,0,131,42
2022-08-02,Product_C,Store_1,8.46,0,134,23
2022-08-03,Product_C,Store_1,15.49,0,198,63
2022-08-04,Product_C,Store_1,29.68,0,237,36
2022-08-05,Product_C,Store_1,19.07,0,84,41
2022-08-06,Product_C,Store_1,26.93,0,31,56
2022-08-07,Product_C,Store_1,8.94,0,82,74
2022-08-08,Product_C,Store_1,9.35,1,49,108
2022-08-09,Product_C,Store_1,21.77,0,120,45
2022-08-10,Product_C,Store_1,24.87,0,102,45
2022-08-11,Product_C,Store_1,9.71,1,21,86
2022-08-12,Product_C,Store_1,17.21,1,104,77
2022-08-13,Product_C,Store_1,22.79,0,56,51
2022-08-14,Product_C,Store_1,23.78,0,44,54
2022-08-15,Product_C,Store_1,13.18,0,117,35
2022-08-16,Product_C,Store_1,15.01,0,236,29
2022-08-17,Product_C,Store_1,24.53,0,37,53
2022-08-18,Product_C,Store_1,9.21,1,242,97
2022-08-19,Product_C,Store_1,11.97,0,209,48
2022-08-20,Product_C,Store_1,26.9,0,111,50
2022-08-21,Product_C,Store_1,18.32,0,96,44
2022-08-22,Product_C,Store_1,15.94,0,30,24
2022-08-23,Product_C,Store_1,11.33,0,181,54
2022-08-24,Product_C,Store_1,15.37,0,192,38
2022-08-25,Product_C,Store_1,17.17,0,227,32
2022-08-26,Product_C,Store_1,21.19,0,89,29
2022-08-27,Product_C,Store_1,24.74,0,82,45
2022-08-28,Product_C,Store_1,16.96,1,137,78
2022-08-29,Product_C,Store_1,23.87,0,114,34
2022-08-30,Product_C,Store_1,12.11,0,229,38
2022-08-31,Product_C,Store_1,16.51,1,227,58
2022-09-01,Product_C,Store_1,23.39,1,239,44
2022-09-02,Product_C,Store_1,10.87,0,37,33
2022-09-03,Product_C,Store_1,18.18,0,136,48
2022-09-04,Product_C,Store_1,26.9,0,153,50
2022-09-05,Product_C,Store_1,21.04,0,221,30
2022-09-06,Product_C,Store_1,28.59,1,168,79
2022-09-07,Product_C,Store_1,29.8,0,118,35
2022-09-08,Product_C,Store_1,11.99,0,177,39
2022-09-09,Product_C,Store_1,8.19,0,222,8
2022-09-10,Product_C,Store_1,20.93,0,176,47
2022-09-11,Product_C,Store_1,17.76,0,21,57
2022-09-12,Product_C,Store_1,12.23,0,226,22
2022-09-13,Product_C,Store_1,14.94,0,95,46
2022-09-14,Product_C,Store_1,13.39,0,164,31
2022-09-15,Product_C,Store_1,16.26,0,233,43
2022-09-16,Product_C,Store_1,22.09,0,49,34
2022-09-17,Product_C,Store_1,28.92,0,220,68
2022-09-18,Product_C,Store_1,18.65,0,191,50
2022-09-19,Product_C,Store_1,29.71,0,39,30
2022-09-20,Product_C,Store_1,12.46,0,119,23
2022-09-21,Product_C,Store_1,12.38,0,47,31
2022-09-22,Product_C,Store_1,25.15,0,148,35
2022-09-23,Product_C,Store_1,8.92,1,125,73
2022-09-24,Product_C,Store_1,14.73,0,169,56
2022-09-25,Product_C,Store_1,25.31,0,186,50
2022-09-26,Product_C,Store_1,25.75,0,152,45
2022-09-27,Product_C,Store_1,16.43,0,69,31
2022-09-28,Product_C,Store_1,28.11,1,212,84
2022-09-29,Product_C,Store_1,18.38,0,173,47
2022-09-30,Product_C,Store_1,20.11,0,240,28
2022-10-01,Product_C,Store_1,10.95,0,131,48
2022-10-02,Product_C,Store_1,21.5,0,67,44
2022-10-03,Product_C,Store_1,13.52,0,248,23
2022-10-04,Product_C,Store_1,28.51,0,53,42
2022-10-05,Product_C,Store_1,20.61,0,204,34
2022-10-06,Product_C,Store_1,27.6,0,35,31
2022-10-07,Product_C,Store_1,10.49,0,155,43
2022-10-08,Product_C,Store_1,19.59,1,191,80
2022-10-09,Product_C,Store_1,24.98,0,145,43
2022-10-10,Product_C,Store_1,8.38,0,199,44
2022-10-11,Product_C,Store_1,15.77,0,160,36
2022-10-12,Product_C,Store_1,26.39,0,65,49
2022-10-13,Product_C,Store_1,8.37,0,78,5
2022-10-14,Product_C,Store_1,17.78,1,52,69
2022-10-15,Product_C,Store_1,19.84,1,81,91
2022-10-16,Product_C,Store_1,22.82,0,190,63
2022-10-17,Product_C,Store_1,14.38,0,154,20
2022-10-18,Product_C,Store_1,21.57,0,78,28
2022-10-19,Product_C,Store_1,13.06,0,244,29
2022-10-20,Product_C,Store_1,22.87,0,137,31
2022-10-21,Product_C,Store_1,9.36,0,207,26
2022-10-22,Product_C,Store_1,24.57,0,175,47
2022-10-23,Product_C,Store_1,14.77,0,201,56
2022-10-24,Product_C,Store_1,27.59,0,92,13
2022-10-25,Product_C,Store_1,19.42,0,138,9
2022-10-26,Product_C,Store_1,17.19,0,214,30
2022-10-27,Product_C,Store_1,12.93,0,36,53
2022-10-28,Product_C,Store_1,25.31,0,128,49
2022-10-29,Product_C,Store_1,21.06,0,66,55
2022-10-30,Product_C,Store_1,26.96,0,164,50
2022-10-31,Product_C,Store_1,20.93,0,242,23
2022-11-01,Product_C,Store_1,23.18,0,165,27
2022-11-02,Product_C,Store_1,22.87,0,90,39
2022-11-03,Product_C,Store_1,16.46,0,186,33
2022-11-04,Product_C,Store_1,26.09,0,39,24
2022-11-05,Product_C,Store_1,18.27,1,45,87
2022-11-06,Product_C,Store_1,27.11,1,95,86
2022-11-07,Product_C,Store_1,10.04,1,244,85
2022-11-08,Product_C,Store_1,9.51,1,221,107
2022-11-09,Product_C,Store_1,11.02,0,240,38
2022-11-10,Product_C,Store_1,12.51,0,187,37
2022-11-11,Product_C,Store_1,8.72,0,129,43
2022-11-12,Product_C,Store_1,14.4,0,133,23
2022-11-13,Product_C,Store_1,22.73,0,231,47
2022-11-14,Product_C,Store_1,22.82,0,56,47
2022-11-15,Product_C,Store_1,28.59,0,233,22
2022-11-16,Product_C,Store_1,19.78,0,176,41
2022-11-17,Product_C,Store_1,22.34,0,165,47
2022-11-18,Product_C,Store_1,23.13,0,163,38
2022-11-19,Product_C,Store_1,28.22,0,216,61
2022-11-20,Product_C,Store_1,14.61,0,183,59
2022-11-21,Product_C,Store_1,21.01,0,43,34
2022-11-22,Product_C,Store_1,26.39,0,223,52
2022-11-23,Product_C,Store_1,10.28,0,188,46
2022-11-24,Product_C,Store_1,17.5,0,248,45
2022-11-25,Product_C,Store_1,24.62,0,155,47
2022-11-26,Product_C,Store_1,27.53,0,237,54
2022-11-27,Product_C,Store_1,15.31,0,105,48
2022-11-28,Product_C,Store_1,16.23,0,244,39
2022-11-29,Product_C,Store_1,22.69,0,244,50
2022-11-30,Product_C,Store_1,20.76,0,62,51
2022-12-01,Product_C,Store_1,11.91,0,223,51
2022-12-02,Product_C,Store_1,13.52,0,175,57
2022-12-03,Product_C,Store_1,12.08,1,97,86
2022-12-04,Product_C,Store_1,20.44,0,204,61
2022-12-05,Product_C,Store_1,8.71,1,43,96
2022-12-06,Product_C,Store_1,21.97,0,180,45
2022-12-07,Product_C,Store_1,14.91,0,61,47
2022-12-08,Product_C,Store_1,13.09,0,88,37
2022-12-09,Product_C,Store_1,16.45,0,171,59
2022-12-10,Product_C,Store_1,19.76,0,158,66
2022-12-11,Product_C,Store_1,11.15,0,20,68
2022-12-12,Product_C,Store_1,27.15,0,40,64
2022-12-13,Product_C,Store_1,11.08,0,86,64
2022-12-14,Product_C,Store_1,17.64,1,20,67
2022-12-15,Product_C,Store_1,10.2,0,179,46
2022-12-16,Product_C,Store_1,18.72,0,180,46
2022-12-17,Product_C,Store_1,23.01,1,202,79
2022-12-18,Product_C,Store_1,8.95,0,107,64
2022-12-19,Product_C,Store_1,27.08,1,231,107
2022-12-20,Product_C,Store_1,12.65,0,87,60
2022-12-21,Product_C,Store_1,21.32,0,170,71
2022-12-22,Product_C,Store_1,16.8,0,80,35
2022-12-23,Product_C,Store_1,22.73,0,105,56
2022-12-24,Product_C,Store_1,16.81,0,54,48
2022-12-25,Product_C,Store_1,10.82,0,234,68
2022-12-26,Product_C,Store_1,17.81,0,137,37
2022-12-27,Product_C,Store_1,28.28,0,73,35
2022-12-28,Product_C,Store_1,10.41,0,28,50
2022-12-29,Product_C,Store_1,17.7,0,242,44
2022-12-30,Product_C,Store_1,28.92,0,122,51
2022-12-31,Product_C,Store_1,27.75,1,245,96
2023-01-01,Product_C,Store_1,10.43,0,40,86
2023-01-02,Product_C,Store_1,23.63,0,127,62
2023-01-03,Product_C,Store_1,17.2,0,110,49
2023-01-04,Product_C,Store_1,28.64,0,242,65
2023-01-05,Product_C,Store_1,22.24,0,109,63
2023-01-06,Product_C,Store_1,13.67,0,137,61
2023-01-07,Product_C,Store_1,24.14,0,99,57
2023-01-08,Product_C,Store_1,16.31,0,102,88
2023-01-09,Product_C,Store_1,15.7,0,242,55
2023-01-10,Product_C,Store_1,23.71,0,227,59
2023-01-11,Product_C,Store_1,19.52,0,55,56
2023-01-12,Product_C,Store_1,19.3,0,228,63
2023-01-13,Product_C,Store_1,11.43,0,165,52
2023-01-14,Product_C,Store_1,13.47,0,108,64
2023-01-15,Product_C,Store_1,28.08,1,55,109
2023-01-16,Product_C,Store_1,17.55,0,178,63
2023-01-17,Product_C,Store_1,16.83,0,92,82
2023-01-18,Product_C,Store_1,28.55,1,135,72
2023-01-19,Product_C,Store_1,19.58,1,83,106
2023-01-20,Product_C,Store_1,16.94,0,144,58
2023-01-21,Product_C,Store_1,29.84,0,90,72
2023-01-22,Product_C,Store_1,27.64,0,54,86
2023-01-23,Product_C,Store_1,18.2,0,231,57
2023-01-24,Product_C,Store_1,17.65,1,88,127
2023-01-25,Product_C,Store_1,25.27,1,52,96
2023-01-26,Product_C,Store_1,25.81,1,228,88
2023-01-27,Product_C,Store_1,15.18,0,72,61
2023-01-28,Product_C,Store_1,22.76,0,162,82
2023-01-29,Product_C,Store_1,20.44,0,119,79
2023-01-30,Product_C,Store_1,22.01,0,63,52
2023-01-31,Product_C,Store_1,21.56,0,175,88
2023-02-01,Product_C,Store_1,16.25,0,217,77
2023-02-02,Product_C,Store_1,15.85,0,220,57
2023-02-03,Product_C,Store_1,24.33,1,148,135
2023-02-04,Product_C,Store_1,29.43,0,203,57
2023-02-05,Product_C,Store_1,26.63,0,162,89
2023-02-06,Product_C,Store_1,9.43,0,88,63
2023-02-07,Product_C,Store_1,13.02,0,212,66
2023-02-08,Product_C,Store_1,9.67,1,240,108
2023-02-09,Product_C,Store_1,8.27,0,228,58
2023-02-10,Product_C,Store_1,8.48,0,180,72
2023-02-11,Product_C,Store_1,24.42,0,132,96
2023-02-12,Product_C,Store_1,12.99,0,153,86
2023-02-13,Product_C,Store_1,28.62,0,52,61
2023-02-14,Product_C,Store_1,19.55,1,249,93
2023-02-15,Product_C,Store_1,9.69,0,187,66
2023-02-16,Product_C,Store_1,14.0,0,206,51
2023-02-17,Product_C,Store_1,9.73,0,160,60
2023-02-18,Product_C,Store_1,16.39,0,89,105
2023-02-19,Product_C,Store_1,27.52,0,55,68
2023-02-20,Product_C,Store_1,26.55,0,33,60
2023-02-21,Product_C,Store_1,11.25,0,246,76
2023-02-22,Product_C,Store_1,18.73,0,226,63
2023-02-23,Product_C,Store_1,26.26,0,151,75
2023-02-24,Product_C,Store_1,15.09,0,140,78
2023-02-25,Product_C,Store_1,13.09,0,95,87
2023-02-26,Product_C,Store_1,21.9,0,228,90
2023-02-27,Product_C,Store_1,25.65,0,192,51
2023-02-28,Product_C,Store_1,21.7,0,52,61
2023-03-01,Product_C,Store_1,17.61,0,162,59
2023-03-02,Product_C,Store_1,14.82,0,154,78
2023-03-03,Product_C,Store_1,10.28,0,22,68
2023-03-04,Product_C,Store_1,16.81,0,61,87
2023-03-05,Product_C,Store_1,17.8,0,58,92
2023-03-06,Product_C,Store_1,11.6,1,191,137
2023-03-07,Product_C,Store_1,8.9,0,249,71
2023-03-08,Product_C,Store_1,27.09,0,91,81
2023-03-09,Product_C,Store_1,27.77,0,129,78
2023-03-10,Product_C,Store_1,20.77,1,185,106
2023-03-11,Product_C,Store_1,17.64,0,213,68
2023-03-12,Product_C,Store_1,18.84,0,205,84
2023-03-13,Product_C,Store_1,12.17,0,242,70
2023-03-14,Product_C,Store_1,23.46,0,187,76
2023-03-15,Product_C,Store_1,29.36,0,114,80
2023-03-16,Product_C,Store_1,28.02,0,184,81
2023-03-17,Product_C,Store_1,19.58,0,132,75
2023-03-18,Product_C,Store_1,20.02,0,78,82
2023-03-19,Product_C,Store_1,21.51,0,76,75
2023-03-20,Product_C,Store_1,25.93,0,156,78
2023-03-21,Product_C,Store_1,12.19,0,236,73
2023-03-22,Product_C,Store_1,12.26,0,144,93
2023-03-23,Product_C,Store_1,16.02,0,65,74
2023-03-24,Product_C,Store_1,22.25,1,159,123
2023-03-25,Product_C,Store_1,25.12,0,172,83
2023-03-26,Product_C,Store_1,18.23,0,185,80
2023-03-27,Product_C,Store_1,21.4,0,28,67
2023-03-28,Product_C,Store_1,16.01,0,101,52
2023-03-29,Product_C,Store_1,23.62,1,38,113
2023-03-30,Product_C,Store_1,9.92,1,127,95
2023-03-31,Product_C,Store_1,27.85,0,55,72
2023-04-01,Product_C,Store_1,19.77,0,41,85
2023-04-02,Product_C,Store_1,24.37,0,54,87
2023-04-03,Product_C,Store_1,22.16,0,210,73
2023-04-04,Product_C,Store_1,24.87,0,226,70
2023-04-05,Product_C,Store_1,25.03,0,62,62
2023-04-06,Product_C,Store_1,12.46,1,207,105
2023-04-07,Product_C,Store_1,12.7,0,73,80
2023-04-08,Product_C,Store_1,11.39,0,80,69
2023-04-09,Product_C,Store_1,20.55,0,56,91
2023-04-10,Product_C,Store_1,18.19,0,28,77
2023-04-11,Product_C,Store_1,13.55,0,60,62
2023-04-12,Product_C,Store_1,29.64,0,116,83
2023-04-13,Product_C,Store_1,10.45,0,234,77
2023-04-14,Product_C,Store_1,22.53,0,149,89
2023-04-15,Product_C,Store_1,26.55,0,46,97
2023-04-16,Product_C,Store_1,9.86,0,195,87
2023-04-17,Product_C,Store_1,25.25,0,114,75
2023-04-18,Product_C,Store_1,29.94,0,101,82
2023-04-19,Product_C,Store_1,18.01,0,218,92
2023-04-20,Product_C,Store_1,24.08,1,184,124
2023-04-21,Product_C,Store_1,21.39,0,128,77
2023-04-22,Product_C,Store_1,18.22,0,56,86
2023-04-23,Product_C,Store_1,26.94,0,247,78
2023-04-24,Product_C,Store_1,18.13,0,151,78
2023-04-25,Product_C,Store_1,17.15,1,68,116
2023-04-26,Product_C,Store_1,13.98,1,44,147
2023-04-27,Product_C,Store_1,24.91,0,58,84
2023-04-28,Product_C,Store_1,14.42,0,41,69
2023-04-29,Product_C,Store_1,17.84,0,135,65
2023-04-30,Product_C,Store_1,18.17,0,70,90
2023-05-01,Product_C,Store_1,12.35,0,100,62
2023-05-02,Product_C,Store_1,20.91,0,85,66
2023-05-03,Product_C,Store_1,26.04,1,102,124
2023-05-04,Product_C,Store_1,25.36,0,78,79
2023-05-05,Product_C,Store_1,20.09,0,100,79
2023-05-06,Product_C,Store_1,20.91,0,67,73
2023-05-07,Product_C,Store_1,20.07,1,139,141
2023-05-08,Product_C,Store_1,10.36,0,25,77
2023-05-09,Product_C,Store_1,9.72,0,92,69
2023-05-10,Product_C,Store_1,24.24,0,29,63
2023-05-11,Product_C,Store_1,27.38,0,129,83
2023-05-12,Product_C,Store_1,16.65,1,183,113
2023-05-13,Product_C,Store_1,15.9,0,74,83
2023-05-14,Product_C,Store_1,24.52,0,21,79
2023-05-15,Product_C,Store_1,23.68,0,119,70
2023-05-16,Product_C,Store_1,22.1,0,39,84
2023-05-17,Product_C,Store_1,8.83,0,76,67
2023-05-18,Product_C,Store_1,28.01,0,214,59
2023-05-19,Product_C,Store_1,17.99,1,145,107
2023-05-20,Product_C,Store_1,9.41,0,233,87
2023-05-21,Product_C,Store_1,21.9,1,129,97
2023-05-22,Product_C,Store_1,9.05,0,146,68
2023-05-23,Product_C,Store_1,22.25,1,141,108
2023-05-24,Product_C,Store_1,13.56,0,236,70
2023-05-25,Product_C,Store_1,17.6,0,90,60
2023-05-26,Product_C,Store_1,25.57,0,242,69
2023-05-27,Product_C,Store_1,12.86,0,155,80
2023-05-28,Product_C,Store_1,22.27,0,164,70
2023-05-29,Product_C,Store_1,11.92,0,245,73
2023-05-30,Product_C,Store_1,24.11,0,64,72
2023-05-31,Product_C,Store_1,27.78,0,180,47
2023-06-01,Product_C,Store_1,14.1,0,97,72
2023-06-02,Product_C,Store_1,25.44,0,73,62
2023-06-03,Product_C,Store_1,13.68,0,128,84
2023-06-04,Product_C,Store_1,14.58,0,84,61
2023-06-05,Product_C,Store_1,27.83,0,144,66
2023-06-06,Product_C,Store_1,9.49,0,32,76
2023-06-07,Product_C,Store_1,8.91,0,157,50
2023-06-08,Product_C,Store_1,11.89,0,149,52
2023-06-09,Product_C,Store_1,26.72,0,43,54
2023-06-10,Product_C,Store_1,18.88,1,221,116
2023-06-11,Product_C,Store_1,9.04,0,33,70
2023-06-12,Product_C,Store_1,22.33,1,46,94
2023-06-13,Product_C,Store_1,11.97,0,176,41
2023-06-14,Product_C,Store_1,23.13,0,238,61
2023-06-15,Product_C,Store_1,20.94,0,144,72
2023-06-16,Product_C,Store_1,22.97,0,177,60
2023-06-17,Product_C,Store_1,18.78,0,179,88
2023-06-18,Product_C,Store_1,13.43,0,239,59
2023-06-19,Product_C,Store_1,15.48,0,242,54
2023-06-20,Product_C,Store_1,8.59,0,42,58
2023-06-21,Product_C,Store_1,28.42,0,119,61
2023-06-22,Product_C,Store_1,27.35,0,115,60
2023-06-23,Product_C,Store_1,8.86,1,31,100
2023-06-24,Product_C,Store_1,8.56,0,220,57
2023-06-25,Product_C,Store_1,13.55,0,134,61
2023-06-26,Product_C,Store_1,14.02,0,96,52
2023-06-27,Product_C,Store_1,8.54,0,201,52
2023-06-28,Product_C,Store_1,11.81,0,159,52
2023-06-29,Product_C,Store_1,17.37,0,181,57
2023-06-30,Product_C,Store_1,17.75,0,191,59
2023-07-01,Product_C,Store_1,27.45,0,167,84
2023-07-02,Product_C,Store_1,19.25,0,42,61
2023-07-03,Product_C,Store_1,11.91,1,51,93
2023-07-04,Product_C,Store_1,27.14,0,196,52
2023-07-05,Product_C,Store_1,12.86,1,104,67
2023-07-06,Product_C,Store_1,19.45,0,156,59
2023-07-07,Product_C,Store_1,8.17,0,22,59
2023-07-08,Product_C,Store_1,24.53,0,247,68
2023-07-09,Product_C,Store_1,29.44,0,136,62
2023-07-10,Product_C,Store_1,9.35,0,41,51
2023-07-11,Product_C,Store_1,16.61,0,208,50
2023-07-12,Product_C,Store_1,19.99,0,80,47
2023-07-13,Product_C,Store_1,10.43,0,75,70
2023-07-14,Product_C,Store_1,19.12,0,137,49
2023-07-15,Product_C,Store_1,29.12,0,58,56
2023-07-16,Product_C,Store_1,24.51,0,68,56
2023-07-17,Product_C,Store_1,16.59,0,53,53
2023-07-18,Product_C,Store_1,8.78,0,161,62
2023-07-19,Product_C,Store_1,11.34,0,167,55
2023-07-20,Product_C,Store_1,24.67,0,57,50
2023-07-21,Product_C,Store_1,24.76,0,144,54
2023-07-22,Product_C,Store_1,17.56,0,159,67
2023-07-23,Product_C,Store_1,23.15,0,118,61
2023-07-24,Product_C,Store_1,10.04,1,201,96
2023-07-25,Product_C,Store_1,27.26,0,191,51
2023-07-26,Product_C,Store_1,17.12,0,40,47
2023-07-27,Product_C,Store_1,18.61,0,153,38
2023-07-28,Product_C,Store_1,28.92,0,66,41
2023-07-29,Product_C,Store_1,17.66,0,46,72
2023-07-30,Product_C,Store_1,19.61,0,122,50
2023-07-31,Product_C,Store_1,11.71,0,49,46
2023-08-01,Product_C,Store_1,25.12,0,70,34
2023-08-02,Product_C,Store_1,22.42,0,55,37
2023-08-03,Product_C,Store_1,14.54,0,83,45
2023-08-04,Product_C,Store_1,19.15,0,215,37
2023-08-05,Product_C,Store_1,27.99,0,245,45
2023-08-06,Product_C,Store_1,22.1,0,235,31
2023-08-07,Product_C,Store_1,17.94,0,164,34
2023-08-08,Product_C,Store_1,10.29,0,83,42
2023-08-09,Product_C,Store_1,19.78,1,181,98
2023-08-10,Product_C,Store_1,16.66,1,24,72
2023-08-11,Product_C,Store_1,25.11,0,236,46
2023-08-12,Product_C,Store_1,13.05,0,77,61
2023-08-13,Product_C,Store_1,22.37,0,148,67
2023-08-14,Product_C,Store_1,20.4,0,92,26
2023-08-15,Product_C,Store_1,25.42,0,127,62
2023-08-16,Product_C,Store_1,16.41,0,188,34
2023-08-17,Product_C,Store_1,14.03,0,110,36
2023-08-18,Product_C,Store_1,19.87,0,94,42
2023-08-19,Product_C,Store_1,25.13,0,154,57
2023-08-20,Product_C,Store_1,15.44,0,104,64
2023-08-21,Product_C,Store_1,18.95,0,115,28
2023-08-22,Product_C,Store_1,23.77,0,241,30
2023-08-23,Product_C,Store_1,26.92,1,89,66
2023-08-24,Product_C,Store_1,28.8,0,245,32
2023-08-25,Product_C,Store_1,9.84,0,21,38
2023-08-26,Product_C,Store_1,20.21,0,50,63
2023-08-27,Product_C,Store_1,17.95,0,152,43
2023-08-28,Product_C,Store_1,12.41,1,123,59
2023-08-29,Product_C,Store_1,16.58,1,36,87
2023-08-30,Product_C,Store_1,24.11,1,101,69
2023-08-31,Product_C,Store_1,24.2,0,59,20
2023-09-01,Product_C,Store_1,25.31,0,178,32
2023-09-02,Product_C,Store_1,17.1,0,54,69
2023-09-03,Product_C,Store_1,15.62,1,243,111
2023-09-04,Product_C,Store_1,13.98,1,121,69
2023-09-05,Product_C,Store_1,21.97,0,123,23
2023-09-06,Product_C,Store_1,25.78,1,88,91
2023-09-07,Product_C,Store_1,8.38,0,53,32
2023-09-08,Product_C,Store_1,24.95,0,159,37
2023-09-09,Product_C,Store_1,22.59,0,28,48
2023-09-10,Product_C,Store_1,21.88,0,39,46
2023-09-11,Product_C,Store_1,23.01,0,77,32
2023-09-12,Product_C,Store_1,26.95,0,83,33
2023-09-13,Product_C,Store_1,24.04,0,69,7
2023-09-14,Product_C,Store_1,25.53,0,142,36
2023-09-15,Product_C,Store_1,25.24,1,190,63
2023-09-16,Product_C,Store_1,28.62,0,181,51
2023-09-17,Product_C,Store_1,22.23,0,169,52
2023-09-18,Product_C,Store_1,15.7,0,72,36
2023-09-19,Product_C,Store_1,29.68,0,90,18
2023-09-20,Product_C,Store_1,10.72,0,149,26
2023-09-21,Product_C,Store_1,9.28,0,90,38
2023-09-22,Product_C,Store_1,15.95,0,132,34
2023-09-23,Product_C,Store_1,16.66,0,54,59
2023-09-24,Product_C,Store_1,15.26,0,198,46
2023-09-25,Product_C,Store_1,24.8,0,60,31
2023-09-26,Product_C,Store_1,17.44,0,237,33
2023-09-27,Product_C,Store_1,24.16,0,87,35
2023-09-28,Product_C,Store_1,15.78,0,221,23
2023-09-29,Product_C,Store_1,10.7,0,203,22
2023-09-30,Product_C,Store_1,27.99,0,74,48
2023-10-01,Product_C,Store_1,27.1,1,96,77
2023-10-02,Product_C,Store_1,27.81,0,51,24
2023-10-03,Product_C,Store_1,19.13,0,57,18
2023-10-04,Product_C,Store_1,24.83,1,179,94
2023-10-05,Product_C,Store_1,17.03,0,169,34
2023-10-06,Product_C,Store_1,13.42,0,116,41
2023-10-07,Product_C,Store_1,23.74,0,28,33
2023-10-08,Product_C,Store_1,14.61,0,221,57
2023-10-09,Product_C,Store_1,19.0,0,109,30
2023-10-10,Product_C,Store_1,28.63,0,207,32
2023-10-11,Product_C,Store_1,16.45,0,74,45
2023-10-12,Product_C,Store_1,23.81,0,62,29
2023-10-13,Product_C,Store_1,10.71,1,70,74
2023-10-14,Product_C,Store_1,20.94,0,47,58
2023-10-15,Product_C,Store_1,25.96,0,65,57
2023-10-16,Product_C,Store_1,9.82,0,101,60
2023-10-17,Product_C,Store_1,27.62,0,153,37
2023-10-18,Product_C,Store_1,8.87,0,112,46
2023-10-19,Product_C,Store_1,19.23,0,31,38
2023-10-20,Product_C,Store_1,8.68,0,186,36
2023-10-21,Product_C,Store_1,17.52,1,86,87
2023-10-22,Product_C,Store_1,14.51,0,58,47
2023-10-23,Product_C,Store_1,17.4,0,192,43
2023-10-24,Product_C,Store_1,21.03,1,133,101
2023-10-25,Product_C,Store_1,18.79,0,246,56
2023-10-26,Product_C,Store_1,18.58,0,155,26
2023-10-27,Product_C,Store_1,19.99,0,31,41
2023-10-28,Product_C,Store_1,22.96,1,134,91
2023-10-29,Product_C,Store_1,25.78,1,29,104
2023-10-30,Product_C,Store_1,21.94,0,90,29
2023-10-31,Product_C,Store_1,20.02,0,49,52
2023-11-01,Product_C,Store_1,29.82,0,108,34
2023-11-02,Product_C,Store_1,11.42,0,184,33
2023-11-03,Product_C,Store_1,15.39,1,155,60
2023-11-04,Product_C,Store_1,8.01,0,158,57
2023-11-05,Product_C,Store_1,27.86,0,65,64
2023-11-06,Product_C,Store_1,29.93,0,57,36
2023-11-07,Product_C,Store_1,12.87,1,172,58
2023-11-08,Product_C,Store_1,19.94,1,157,113
2023-11-09,Product_C,Store_1,10.13,0,225,39
2023-11-10,Product_C,Store_1,22.07,0,207,42
2023-11-11,Product_C,Store_1,22.37,0,47,64
2023-11-12,Product_C,Store_1,9.27,0,138,43
2023-11-13,Product_C,Store_1,13.12,0,246,49
2023-11-14,Product_C,Store_1,15.62,0,244,40
2023-11-15,Product_C,Store_1,13.66,0,141,25
2023-11-16,Product_C,Store_1,28.91,0,50,36
2023-11-17,Product_C,Store_1,27.87,0,59,39
2023-11-18,Product_C,Store_1,14.45,0,191,64
2023-11-19,Product_C,Store_1,15.95,0,29,59
2023-11-20,Product_C,Store_1,25.87,0,73,36
2023-11-21,Product_C,Store_1,27.87,0,111,45
2023-11-22,Product_C,Store_1,28.84,0,95,46
2023-11-23,Product_C,Store_1,27.61,0,208,42
2023-11-24,Product_C,Store_1,21.56,0,218,67
2023-11-25,Product_C,Store_1,17.95,0,247,57
2023-11-26,Product_C,Store_1,11.47,0,78,45
2023-11-27,Product_C,Store_1,23.8,0,137,49
2023-11-28,Product_C,Store_1,19.28,0,35,53
2023-11-29,Product_C,Store_1,29.05,0,163,50
2023-11-30,Product_C,Store_1,9.85,0,37,45
2023-12-01,Product_C,Store_1,26.46,0,158,50
2023-12-02,Product_C,Store_1,25.21,0,195,49
2023-12-03,Product_C,Store_1,22.6,0,140,71
2023-12-04,Product_C,Store_1,26.73,0,247,39
2023-12-05,Product_C,Store_1,20.69,0,201,47
2023-12-06,Product_C,Store_1,18.59,0,176,46
2023-12-07,Product_C,Store_1,18.85,0,183,49
2023-12-08,Product_C,Store_1,13.11,0,180,44
2023-12-09,Product_C,Store_1,14.91,0,170,64
2023-12-10,Product_C,Store_1,18.49,0,117,67
2023-12-11,Product_C,Store_1,20.72,0,48,42
2023-12-12,Product_C,Store_1,12.04,1,32,78
2023-12-13,Product_C,Store_1,19.83,0,21,45
2023-12-14,Product_C,Store_1,26.53,1,31,81
2023-12-15,Product_C,Store_1,13.46,1,62,90
2023-12-16,Product_C,Store_1,29.4,0,210,59
2023-12-17,Product_C,Store_1,24.47,0,203,58
2023-12-18,Product_C,Store_1,15.11,0,96,62
2023-12-19,Product_C,Store_1,20.71,0,38,42
2023-12-20,Product_C,Store_1,29.35,1,58,68
2023-12-21,Product_C,Store_1,27.98,0,199,53
2023-12-22,Product_C,Store_1,18.97,1,65,65
2023-12-23,Product_C,Store_1,21.49,0,182,65
2023-12-24,Product_C,Store_1,29.32,1,93,92
2023-12-25,Product_C,Store_1,11.24,0,29,53
2023-12-26,Product_C,Store_1,20.86,0,84,53
2023-12-27,Product_C,Store_1,18.76,0,156,33
2023-12-28,Product_C,Store_1,20.14,1,217,89
2023-12-29,Product_C,Store_1,24.65,0,159,48
2023-12-30,Product_C,Store_1,19.48,0,225,64
2023-12-31,Product_C,Store_1,19.6,0,235,67
2022-01-01,Product_C,Store_2,9.49,0,109,65
2022-01-02,Product_C,Store_2,27.78,0,126,58
2022-01-03,Product_C,Store_2,10.06,0,66,52
2022-01-04,Product_C,Store_2,24.3,0,136,35
2022-01-05,Product_C,Store_2,9.78,1,160,71
2022-01-06,Product_C,Store_2,27.46,0,228,42
2022-01-07,Product_C,Store_2,23.27,0,108,45
2022-01-08,Product_C,Store_2,27.63,0,244,46
2022-01-09,Product_C,Store_2,14.87,0,83,60
2022-01-10,Product_C,Store_2,16.33,1,68,70
2022-01-11,Product_C,Store_2,9.54,0,122,51
2022-01-12,Product_C,Store_2,26.77,1,246,79
2022-01-13,Product_C,Store_2,13.0,1,66,97
2022-01-14,Product_C,Store_2,25.87,1,103,101
2022-01-15,Product_C,Store_2,22.4,0,237,57
2022-01-16,Product_C,Store_2,21.45,0,95,57
2022-01-17,Product_C,Store_2,22.56,1,117,108
2022-01-18,Product_C,Store_2,26.64,0,96,61
2022-01-19,Product_C,Store_2,29.52,0,196,37
2022-01-20,Product_C,Store_2,9.37,1,40,114
2022-01-21,Product_C,Store_2,9.08,0,129,54
2022-01-22,Product_C,Store_2,24.85,0,158,63
2022-01-23,Product_C,Store_2,23.99,0,157,74
2022-01-24,Product_C,Store_2,11.67,0,22,47
2022-01-25,Product_C,Store_2,14.93,0,55,60
2022-01-26,Product_C,Store_2,16.25,0,92,68
2022-01-27,Product_C,Store_2,24.04,0,87,56
2022-01-28,Product_C,Store_2,18.54,0,236,67
2022-01-29,Product_C,Store_2,9.83,0,104,75
2022-01-30,Product_C,Store_2,29.52,0,164,70
2022-01-31,Product_C,Store_2,28.06,1,49,113
2022-02-01,Product_C,Store_2,24.28,0,93,55
2022-02-02,Product_C,Store_2,20.97,0,198,63
2022-02-03,Product_C,Store_2,23.33,0,107,45
2022-02-04,Product_C,Store_2,15.63,0,158,58
2022-02-05,Product_C,Store_2,12.33,0,143,86
2022-02-06,Product_C,Store_2,27.58,1,64,98
2022-02-07,Product_C,Store_2,10.29,0,40,49
2022-02-08,Product_C,Store_2,22.55,0,199,63
2022-02-09,Product_C,Store_2,27.56,0,81,40
2022-02-10,Product_C,Store_2,16.39,0,188,58
2022-02-11,Product_C,Store_2,28.42,0,22,71
2022-02-12,Product_C,Store_2,29.31,0,163,72
2022-02-13,Product_C,Store_2,23.57,0,247,69
2022-02-14,Product_C,Store_2,8.48,0,201,58
2022-02-15,Product_C,Store_2,21.44,0,66,42
2022-02-16,Product_C,Store_2,26.66,0,194,42
2022-02-17,Product_C,Store_2,19.94,0,153,55
2022-02-18,Product_C,Store_2,23.81,1,215,71
2022-02-19,Product_C,Store_2,10.0,0,193,78
2022-02-20,Product_C,Store_2,9.86,0,244,77
2022-02-21,Product_C,Store_2,20.27,0,80,57
2022-02-22,Product_C,Store_2,20.01,0,208,65
2022-02-23,Product_C,Store_2,9.46,0,154,76
2022-02-24,Product_C,Store_2,11.15,0,240,48
2022-02-25,Product_C,Store_2,28.16,0,163,67
2022-02-26,Product_C,Store_2,25.17,0,204,80
2022-02-27,Product_C,Store_2,26.08,0,140,87
2022-02-28,Product_C,Store_2,15.35,0,85,56
2022-03-01,Product_C,Store_2,14.29,0,131,72
2022-03-02,Product_C,Store_2,24.07,0,33,68
2022-03-03,Product_C,Store_2,17.39,0,190,67
2022-03-04,Product_C,Store_2,14.12,0,114,58
2022-03-05,Product_C,Store_2,19.6,0,153,75
2022-03-06,Product_C,Store_2,15.09,1,30,130
2022-03-07,Product_C,Store_2,24.94,0,107,75
2022-03-08,Product_C,Store_2,23.38,0,208,66
2022-03-09,Product_C,Store_2,27.94,0,57,71
2022-03-10,Product_C,Store_2,8.66,0,121,55
2022-03-11,Product_C,Store_2,18.03,1,166,93
2022-03-12,Product_C,Store_2,10.24,0,159,68
2022-03-13,Product_C,Store_2,9.53,0,248,75
2022-03-14,Product_C,Store_2,11.36,0,146,67
2022-03-15,Product_C,Store_2,15.84,0,120,70
2022-03-16,Product_C,Store_2,16.6,0,25,71
2022-03-17,Product_C,Store_2,25.81,0,70,65
2022-03-18,Product_C,Store_2,18.15,0,73,67
2022-03-19,Product_C,Store_2,12.68,0,155,83
2022-03-20,Product_C,Store_2,10.59,0,35,71
2022-03-21,Product_C,Store_2,27.49,0,133,56
2022-03-22,Product_C,Store_2,10.16,0,186,48
2022-03-23,Product_C,Store_2,18.3,0,151,54
2022-03-24,Product_C,Store_2,21.69,0,26,61
2022-03-25,Product_C,Store_2,8.04,0,50,71
2022-03-26,Product_C,Store_2,13.29,1,185,119
2022-03-27,Product_C,Store_2,11.75,1,120,94
2022-03-28,Product_C,Store_2,27.87,0,126,68
2022-03-29,Product_C,Store_2,24.03,0,34,72
2022-03-30,Product_C,Store_2,16.89,0,62,56
2022-03-31,Product_C,Store_2,9.74,0,160,73
2022-04-01,Product_C,Store_2,13.6,0,58,82
2022-04-02,Product_C,Store_2,27.48,0,233,76
2022-04-03,Product_C,Store_2,12.36,0,188,99
2022-04-04,Product_C,Store_2,16.41,1,210,119
2022-04-05,Product_C,Store_2,22.45,0,80,89
2022-04-06,Product_C,Store_2,9.43,0,41,67
2022-04-07,Product_C,Store_2,19.51,0,61,79
2022-04-08,Product_C,Store_2,12.01,0,26,67
2022-04-09,Product_C,Store_2,16.62,0,202,67
2022-04-10,Product_C,Store_2,19.04,0,46,69
2022-04-11,Product_C,Store_2,17.83,0,157,71
2022-04-12,Product_C,Store_2,27.43,0,216,84
2022-04-13,Product_C,Store_2,21.23,0,224,68
2022-04-14,Product_C,Store_2,20.04,0,34,69
2022-04-15,Product_C,Store_2,8.03,0,116,71
2022-04-16,Product_C,Store_2,21.1,0,63,76
2022-04-17,Product_C,Store_2,18.97,0,127,99
2022-04-18,Product_C,Store_2,11.19,0,208,67
2022-04-19,Product_C,Store_2,25.69,0,153,66
2022-04-20,Product_C,Store_2,25.3,0,133,61
2022-04-21,Product_C,Store_2,25.43,0,69,75
2022-04-22,Product_C,Store_2,17.67,0,28,77
2022-04-23,Product_C,Store_2,22.43,0,118,88
2022-04-24,Product_C,Store_2,14.16,0,147,90
2022-04-25,Product_C,Store_2,12.97,0,241,75
2022-04-26,Product_C,Store_2,25.49,0,79,85
2022-04-27,Product_C,Store_2,15.14,0,151,59
2022-04-28,Product_C,Store_2,25.93,0,72,59
2022-04-29,Product_C,Store_2,13.89,0,217,56
2022-04-30,Product_C,Store_2,15.7,0,228,76
2022-05-01,Product_C,Store_2,15.33,0,46,86
2022-05-02,Product_C,Store_2,18.9,1,232,96
2022-05-03,Product_C,Store_2,12.84,0,223,55
2022-05-04,Product_C,Store_2,17.88,0,117,63
2022-05-05,Product_C,Store_2,11.17,0,108,56
2022-05-06,Product_C,Store_2,21.52,0,27,64
2022-05-07,Product_C,Store_2,16.73,0,208,79
2022-05-08,Product_C,Store_2,28.28,0,93,87
2022-05-09,Product_C,Store_2,8.5,0,225,63
2022-05-10,Product_C,Store_2,14.14,0,90,65
2022-05-11,Product_C,Store_2,9.8,0,167,59
2022-05-12,Product_C,Store_2,21.34,0,145,63
2022-05-13,Product_C,Store_2,27.72,1,60,124
2022-05-14,Product_C,Store_2,25.18,0,227,80
2022-05-15,Product_C,Store_2,8.14,0,103,69
2022-05-16,Product_C,Store_2,25.51,0,91,60
2022-05-17,Product_C,Store_2,19.04,0,92,71
2022-05-18,Product_C,Store_2,23.65,0,26,47
2022-05-19,Product_C,Store_2,14.88,0,99,59
2022-05-20,Product_C,Store_2,8.48,0,22,59
2022-05-21,Product_C,Store_2,21.01,0,212,67
2022-05-22,Product_C,Store_2,11.27,1,52,121
2022-05-23,Product_C,Store_2,26.71,1,59,96
2022-05-24,Product_C,Store_2,8.17,0,106,34
2022-05-25,Product_C,Store_2,18.56,0,229,60
2022-05-26,Product_C,Store_2,28.56,0,36,42
2022-05-27,Product_C,Store_2,23.0,0,203,61
2022-05-28,Product_C,Store_2,11.8,0,60,66
2022-05-29,Product_C,Store_2,19.99,0,49,66
2022-05-30,Product_C,Store_2,17.71,0,246,56
2022-05-31,Product_C,Store_2,17.02,1,53,111
2022-06-01,Product_C,Store_2,12.18,0,158,70
2022-06-02,Product_C,Store_2,23.67,1,79,97
2022-06-03,Product_C,Store_2,27.7,0,234,57
2022-06-04,Product_C,Store_2,19.41,0,128,70
2022-06-05,Product_C,Store_2,29.86,0,160,76
2022-06-06,Product_C,Store_2,22.87,0,114,44
2022-06-07,Product_C,Store_2,28.27,0,199,41
2022-06-08,Product_C,Store_2,29.12,0,228,60
2022-06-09,Product_C,Store_2,28.74,0,87,46
2022-06-10,Product_C,Store_2,25.25,0,229,62
2022-06-11,Product_C,Store_2,29.78,1,244,115
2022-06-12,Product_C,Store_2,10.15,0,165,68
2022-06-13,Product_C,Store_2,20.53,0,118,46
2022-06-14,Product_C,Store_2,13.84,0,71,44
2022-06-15,Product_C,Store_2,15.97,0,233,65
2022-06-16,Product_C,Store_2,11.49,1,52,82
2022-06-17,Product_C,Store_2,15.98,0,248,59
2022-06-18,Product_C,Store_2,23.53,0,80,64
2022-06-19,Product_C,Store_2,24.23,0,116,69
2022-06-20,Product_C,Store_2,16.1,0,86,70
2022-06-21,Product_C,Store_2,23.73,0,86,62
2022-06-22,Product_C,Store_2,10.39,0,147,57
2022-06-23,Product_C,Store_2,28.88,0,240,51
2022-06-24,Product_C,Store_2,20.22,0,103,71
2022-06-25,Product_C,Store_2,24.42,0,89,60
2022-06-26,Product_C,Store_2,18.07,0,191,58
2022-06-27,Product_C,Store_2,18.75,0,229,70
2022-06-28,Product_C,Store_2,10.31,0,181,27
2022-06-29,Product_C,Store_2,9.73,0,143,51
2022-06-30,Product_C,Store_2,26.37,0,180,52
2022-07-01,Product_C,Store_2,9.35,0,185,32
2022-07-02,Product_C,Store_2,19.84,0,36,65
2022-07-03,Product_C,Store_2,24.76,0,147,59
2022-07-04,Product_C,Store_2,16.38,0,168,55
2022-07-05,Product_C,Store_2,12.73,0,190,49
2022-07-06,Product_C,Store_2,10.62,0,229,53
2022-07-07,Product_C,Store_2,19.21,1,187,113
2022-07-08,Product_C,Store_2,20.49,0,243,47
2022-07-09,Product_C,Store_2,27.24,0,31,62
2022-07-10,Product_C,Store_2,17.18,0,219,73
2022-07-11,Product_C,Store_2,27.36,0,201,38
2022-07-12,Product_C,Store_2,19.8,0,225,50
2022-07-13,Product_C,Store_2,15.54,0,44,47
2022-07-14,Product_C,Store_2,14.76,1,157,78
2022-07-15,Product_C,Store_2,24.32,0,232,45
2022-07-16,Product_C,Store_2,18.56,0,194,80
2022-07-17,Product_C,Store_2,18.55,0,33,65
2022-07-18,Product_C,Store_2,21.85,0,116,55
2022-07-19,Product_C,Store_2,12.25,0,100,44
2022-07-20,Product_C,Store_2,13.94,1,191,76
2022-07-21,Product_C,Store_2,20.64,0,217,50
2022-07-22,Product_C,Store_2,21.79,0,206,23
2022-07-23,Product_C,Store_2,24.28,0,102,42
2022-07-24,Product_C,Store_2,18.83,0,151,69
2022-07-25,Product_C,Store_2,28.14,0,192,43
2022-07-26,Product_C,Store_2,13.08,0,164,60
2022-07-27,Product_C,Store_2,13.66,0,182,28
2022-07-28,Product_C,Store_2,15.71,0,54,59
2022-07-29,Product_C,Store_2,10.46,0,66,42
2022-07-30,Product_C,Store_2,18.28,0,168,58
2022-07-31,Product_C,Store_2,28.01,1,44,109
2022-08-01,Product_C,Store_2,11.87,0,21,41
2022-08-02,Product_C,Store_2,29.06,0,59,21
2022-08-03,Product_C,Store_2,13.88,0,31,26
2022-08-04,Product_C,Store_2,29.43,1,198,89
2022-08-05,Product_C,Store_2,22.33,0,241,36
2022-08-06,Product_C,Store_2,13.17,0,131,46
2022-08-07,Product_C,Store_2,12.79,0,100,54
2022-08-08,Product_C,Store_2,22.37,1,123,60
2022-08-09,Product_C,Store_2,20.22,0,130,21
2022-08-10,Product_C,Store_2,26.94,0,229,31
2022-08-11,Product_C,Store_2,21.78,0,132,36
2022-08-12,Product_C,Store_2,13.01,0,105,29
2022-08-13,Product_C,Store_2,16.95,0,199,67
2022-08-14,Product_C,Store_2,11.66,1,238,95
2022-08-15,Product_C,Store_2,20.67,0,104,40
2022-08-16,Product_C,Store_2,22.84,0,26,37
2022-08-17,Product_C,Store_2,11.43,1,91,73
2022-08-18,Product_C,Store_2,28.27,0,126,32
2022-08-19,Product_C,Store_2,25.18,0,49,35
2022-08-20,Product_C,Store_2,23.27,0,235,27
2022-08-21,Product_C,Store_2,16.65,0,61,55
2022-08-22,Product_C,Store_2,20.94,0,192,33
2022-08-23,Product_C,Store_2,16.75,1,172,59
2022-08-24,Product_C,Store_2,10.65,0,88,25
2022-08-25,Product_C,Store_2,8.78,0,167,21
2022-08-26,Product_C,Store_2,17.37,0,158,23
2022-08-27,Product_C,Store_2,13.8,0,50,50
2022-08-28,Product_C,Store_2,9.35,0,20,51
2022-08-29,Product_C,Store_2,19.61,1,225,55
2022-08-30,Product_C,Store_2,22.85,0,43,42
2022-08-31,Product_C,Store_2,16.18,0,88,33
2022-09-01,Product_C,Store_2,16.67,0,122,38
2022-09-02,Product_C,Store_2,13.8,0,247,12
2022-09-03,Product_C,Store_2,9.49,0,163,62
2022-09-04,Product_C,Store_2,28.64,0,149,36
2022-09-05,Product_C,Store_2,13.41,0,26,40
2022-09-06,Product_C,Store_2,25.53,0,172,35
2022-09-07,Product_C,Store_2,17.46,0,232,7
2022-09-08,Product_C,Store_2,19.86,0,170,30
2022-09-09,Product_C,Store_2,12.03,0,69,27
2022-09-10,Product_C,Store_2,18.87,0,249,35
2022-09-11,Product_C,Store_2,26.73,0,127,47
2022-09-12,Product_C,Store_2,24.31,0,216,42
2022-09-13,Product_C,Store_2,13.22,0,224,19
2022-09-14,Product_C,Store_2,8.1,0,198,31
2022-09-15,Product_C,Store_2,15.36,0,189,53
2022-09-16,Product_C,Store_2,21.85,0,86,26
2022-09-17,Product_C,Store_2,27.28,0,154,17
2022-09-18,Product_C,Store_2,13.94,1,102,72
2022-09-19,Product_C,Store_2,23.2,0,38,20
2022-09-20,Product_C,Store_2,23.64,1,79,73
2022-09-21,Product_C,Store_2,23.41,0,204,32
2022-09-22,Product_C,Store_2,23.42,0,240,27
2022-09-23,Product_C,Store_2,20.04,0,77,34
2022-09-24,Product_C,Store_2,11.05,0,191,51
2022-09-25,Product_C,Store_2,25.81,0,43,47
2022-09-26,Product_C,Store_2,27.56,0,112,31
2022-09-27,Product_C,Store_2,11.03,0,215,19
2022-09-28,Product_C,Store_2,25.47,1,110,91
2022-09-29,Product_C,Store_2,26.28,0,162,36
2022-09-30,Product_C,Store_2,16.37,0,46,30
2022-10-01,Product_C,Store_2,23.0,0,153,53
2022-10-02,Product_C,Store_2,13.28,0,32,20
2022-10-03,Product_C,Store_2,29.36,0,195,17
2022-10-04,Product_C,Store_2,14.67,0,198,21
2022-10-05,Product_C,Store_2,20.76,0,130,0
2022-10-06,Product_C,Store_2,14.89,0,38,18
2022-10-07,Product_C,Store_2,26.75,0,117,30
2022-10-08,Product_C,Store_2,15.99,0,206,56
2022-10-09,Product_C,Store_2,27.18,0,201,40
2022-10-10,Product_C,Store_2,19.38,0,26,27
2022-10-11,Product_C,Store_2,25.83,1,125,69
2022-10-12,Product_C,Store_2,17.59,0,91,18
2022-10-13,Product_C,Store_2,13.01,0,57,35
2022-10-14,Product_C,Store_2,19.88,0,235,51
2022-10-15,Product_C,Store_2,11.02,0,177,42
2022-10-16,Product_C,Store_2,12.31,0,72,40
2022-10-17,Product_C,Store_2,14.95,0,127,33
2022-10-18,Product_C,Store_2,25.23,0,101,36
2022-10-19,Product_C,Store_2,29.64,0,247,34
2022-10-20,Product_C,Store_2,28.34,0,55,38
2022-10-21,Product_C,Store_2,17.45,0,247,17
2022-10-22,Product_C,Store_2,27.3,0,73,31
2022-10-23,Product_C,Store_2,29.74,0,238,55
2022-10-24,Product_C,Store_2,17.66,0,184,31
2022-10-25,Product_C,Store_2,11.62,0,116,16
2022-10-26,Product_C,Store_2,17.48,0,70,51
2022-10-27,Product_C,Store_2,10.85,0,47,24
2022-10-28,Product_C,Store_2,23.87,0,103,36
2022-10-29,Product_C,Store_2,14.22,0,69,26
2022-10-30,Product_C,Store_2,15.18,0,140,62
2022-10-31,Product_C,Store_2,10.18,0,121,36
2022-11-01,Product_C,Store_2,16.8,0,174,22
2022-11-02,Product_C,Store_2,25.03,0,138,28
2022-11-03,Product_C,Store_2,24.3,0,170,34
2022-11-04,Product_C,Store_2,23.77,0,115,17
2022-11-05,Product_C,Store_2,21.04,0,220,41
2022-11-06,Product_C,Store_2,10.13,0,180,37
2022-11-07,Product_C,Store_2,10.64,0,49,32
2022-11-08,Product_C,Store_2,9.48,0,100,22
2022-11-09,Product_C,Store_2,24.85,0,216,27
2022-11-10,Product_C,Store_2,14.64,0,108,23
2022-11-11,Product_C,Store_2,22.48,0,39,46
2022-11-12,Product_C,Store_2,11.42,1,98,76
2022-11-13,Product_C,Store_2,9.34,0,118,40
2022-11-14,Product_C,Store_2,13.38,0,245,39
2022-11-15,Product_C,Store_2,9.25,0,85,33
2022-11-16,Product_C,Store_2,16.89,1,54,43
2022-11-17,Product_C,Store_2,15.54,1,187,63
2022-11-18,Product_C,Store_2,9.8,0,143,35
2022-11-19,Product_C,Store_2,12.13,0,238,56
2022-11-20,Product_C,Store_2,22.4,1,29,112
2022-11-21,Product_C,Store_2,15.99,1,36,40
2022-11-22,Product_C,Store_2,17.17,0,244,32
2022-11-23,Product_C,Store_2,25.55,0,246,27
2022-11-24,Product_C,Store_2,13.65,0,78,46
2022-11-25,Product_C,Store_2,19.02,1,57,97
2022-11-26,Product_C,Store_2,29.99,0,30,57
2022-11-27,Product_C,Store_2,24.52,0,235,48
2022-11-28,Product_C,Store_2,15.56,0,28,34
2022-11-29,Product_C,Store_2,22.81,0,180,46
2022-11-30,Product_C,Store_2,9.3,0,192,30
2022-12-01,Product_C,Store_2,19.09,0,224,27
2022-12-02,Product_C,Store_2,21.87,0,36,41
2022-12-03,Product_C,Store_2,23.75,0,97,56
2022-12-04,Product_C,Store_2,20.73,0,189,48
2022-12-05,Product_C,Store_2,22.27,0,31,56
2022-12-06,Product_C,Store_2,29.15,0,125,48
2022-12-07,Product_C,Store_2,8.29,0,56,40
2022-12-08,Product_C,Store_2,28.27,0,168,55
2022-12-09,Product_C,Store_2,23.13,0,117,31
2022-12-10,Product_C,Store_2,22.39,0,242,44
2022-12-11,Product_C,Store_2,18.77,1,87,113
2022-12-12,Product_C,Store_2,29.64,0,115,25
2022-12-13,Product_C,Store_2,23.59,0,57,46
2022-12-14,Product_C,Store_2,27.47,0,159,36
2022-12-15,Product_C,Store_2,10.08,0,164,40
2022-12-16,Product_C,Store_2,11.6,0,167,50
2022-12-17,Product_C,Store_2,18.22,0,229,50
2022-12-18,Product_C,Store_2,24.83,0,108,55
2022-12-19,Product_C,Store_2,14.97,1,111,73
2022-12-20,Product_C,Store_2,8.62,0,215,52
2022-12-21,Product_C,Store_2,12.96,0,38,41
2022-12-22,Product_C,Store_2,23.27,1,39,75
2022-12-23,Product_C,Store_2,29.33,0,188,49
2022-12-24,Product_C,Store_2,24.7,0,222,57
2022-12-25,Product_C,Store_2,20.68,0,57,68
2022-12-26,Product_C,Store_2,21.37,0,100,43
2022-12-27,Product_C,Store_2,18.17,0,165,48
2022-12-28,Product_C,Store_2,10.49,0,159,62
2022-12-29,Product_C,Store_2,12.47,1,221,85
2022-12-30,Product_C,Store_2,10.55,1,117,114
2022-12-31,Product_C,Store_2,24.13,1,122,86
2023-01-01,Product_C,Store_2,16.91,1,231,113
2023-01-02,Product_C,Store_2,19.0,0,66,36
2023-01-03,Product_C,Store_2,26.08,1,222,78
2023-01-04,Product_C,Store_2,9.56,1,137,68
2023-01-05,Product_C,Store_2,26.59,0,38,36
2023-01-06,Product_C,Store_2,8.98,0,233,69
2023-01-07,Product_C,Store_2,28.54,0,179,66
2023-01-08,Product_C,Store_2,27.86,0,244,55
2023-01-09,Product_C,Store_2,13.98,0,200,38
2023-01-10,Product_C,Store_2,24.07,0,241,44
2023-01-11,Product_C,Store_2,28.05,0,38,43
2023-01-12,Product_C,Store_2,24.29,0,71,53
2023-01-13,Product_C,Store_2,26.4,0,151,56
2023-01-14,Product_C,Store_2,27.07,0,193,67
2023-01-15,Product_C,Store_2,14.11,0,172,77
2023-01-16,Product_C,Store_2,15.04,0,181,48
2023-01-17,Product_C,Store_2,9.13,0,206,44
2023-01-18,Product_C,Store_2,12.16,0,239,65
2023-01-19,Product_C,Store_2,16.05,1,218,95
2023-01-20,Product_C,Store_2,20.03,0,33,44
2023-01-21,Product_C,Store_2,15.15,0,88,56
2023-01-22,Product_C,Store_2,20.54,0,94,84
2023-01-23,Product_C,Store_2,16.89,0,81,37
2023-01-24,Product_C,Store_2,12.84,0,119,53
2023-01-25,Product_C,Store_2,18.66,0,204,62
2023-01-26,Product_C,Store_2,11.36,1,49,82
2023-01-27,Product_C,Store_2,24.32,0,193,61
2023-01-28,Product_C,Store_2,26.2,0,225,68
2023-01-29,Product_C,Store_2,25.68,0,126,94
2023-01-30,Product_C,Store_2,25.93,0,114,44
2023-01-31,Product_C,Store_2,29.04,0,112,51
2023-02-01,Product_C,Store_2,24.7,0,226,68
2023-02-02,Product_C,Store_2,12.22,0,113,61
2023-02-03,Product_C,Store_2,19.88,0,195,47
2023-02-04,Product_C,Store_2,29.45,0,38,74
2023-02-05,Product_C,Store_2,14.14,1,153,137
2023-02-06,Product_C,Store_2,28.83,0,211,46
2023-02-07,Product_C,Store_2,14.23,1,65,107
2023-02-08,Product_C,Store_2,9.19,0,84,57
2023-02-09,Product_C,Store_2,18.22,0,52,61
2023-02-10,Product_C,Store_2,15.28,0,147,80
2023-02-11,Product_C,Store_2,15.21,0,244,85
2023-02-12,Product_C,Store_2,15.55,0,172,71
2023-02-13,Product_C,Store_2,23.39,1,206,123
2023-02-14,Product_C,Store_2,9.7,0,166,59
2023-02-15,Product_C,Store_2,24.71,0,123,48
2023-02-16,Product_C,Store_2,24.47,0,38,49
2023-02-17,Product_C,Store_2,26.65,0,119,62
2023-02-18,Product_C,Store_2,28.42,0,209,62
2023-02-19,Product_C,Store_2,18.32,0,55,89
2023-02-20,Product_C,Store_2,24.37,0,239,68
2023-02-21,Product_C,Store_2,23.0,0,22,61
2023-02-22,Product_C,Store_2,9.29,0,134,71
2023-02-23,Product_C,Store_2,12.92,0,194,56
2023-02-24,Product_C,Store_2,20.99,0,67,70
2023-02-25,Product_C,Store_2,8.94,0,164,84
2023-02-26,Product_C,Store_2,25.48,0,195,70
2023-02-27,Product_C,Store_2,27.05,0,199,62
2023-02-28,Product_C,Store_2,11.51,0,76,76
2023-03-01,Product_C,Store_2,26.0,0,219,63
2023-03-02,Product_C,Store_2,11.34,1,55,108
2023-03-03,Product_C,Store_2,9.95,0,103,65
2023-03-04,Product_C,Store_2,27.58,0,21,71
2023-03-05,Product_C,Store_2,9.78,0,49,75
2023-03-06,Product_C,Store_2,29.69,0,171,66
2023-03-07,Product_C,Store_2,29.11,0,218,69
2023-03-08,Product_C,Store_2,13.76,1,233,132
2023-03-09,Product_C,Store_2,27.77,0,161,61
2023-03-10,Product_C,Store_2,23.52,0,45,48
2023-03-11,Product_C,Store_2,23.57,0,240,61
2023-03-12,Product_C,Store_2,22.72,1,147,114
2023-03-13,Product_C,Store_2,25.0,0,193,61
2023-03-14,Product_C,Store_2,15.89,1,228,92
2023-03-15,Product_C,Store_2,23.08,1,27,99
2023-03-16,Product_C,Store_2,11.06,0,162,66
2023-03-17,Product_C,Store_2,29.47,0,53,61
2023-03-18,Product_C,Store_2,8.73,1,209,125
2023-03-19,Product_C,Store_2,20.66,0,215,72
2023-03-20,Product_C,Store_2,11.93,0,121,77
2023-03-21,Product_C,Store_2,14.82,0,220,66
2023-03-22,Product_C,Store_2,22.66,0,57,82
2023-03-23,Product_C,Store_2,15.77,0,90,75
2023-03-24,Product_C,Store_2,11.89,0,24,69
2023-03-25,Product_C,Store_2,18.19,0,138,79
2023-03-26,Product_C,Store_2,22.68,0,47,76
2023-03-27,Product_C,Store_2,18.81,0,229,72
2023-03-28,Product_C,Store_2,8.31,1,182,97
2023-03-29,Product_C,Store_2,17.48,1,212,84
2023-03-30,Product_C,Store_2,23.27,1,109,131
2023-03-31,Product_C,Store_2,14.77,0,109,59
2023-04-01,Product_C,Store_2,24.34,0,57,81
2023-04-02,Product_C,Store_2,11.04,0,86,97
2023-04-03,Product_C,Store_2,8.09,0,227,72
2023-04-04,Product_C,Store_2,26.63,0,70,69
2023-04-05,Product_C,Store_2,18.04,0,68,71
2023-04-06,Product_C,Store_2,11.53,1,85,128
2023-04-07,Product_C,Store_2,12.14,1,112,107
2023-04-08,Product_C,Store_2,19.38,0,109,71
2023-04-09,Product_C,Store_2,15.55,0,107,82
2023-04-10,Product_C,Store_2,11.75,0,64,63
2023-04-11,Product_C,Store_2,16.51,0,180,54
2023-04-12,Product_C,Store_2,13.96,0,115,69
2023-04-13,Product_C,Store_2,28.15,1,135,88
2023-04-14,Product_C,Store_2,15.7,0,21,68
2023-04-15,Product_C,Store_2,22.35,0,128,64
2023-04-16,Product_C,Store_2,16.57,0,66,73
2023-04-17,Product_C,Store_2,23.27,1,57,113
2023-04-18,Product_C,Store_2,16.5,0,125,79
2023-04-19,Product_C,Store_2,11.45,0,91,62
2023-04-20,Product_C,Store_2,22.17,0,161,70
2023-04-21,Product_C,Store_2,8.2,0,43,55
2023-04-22,Product_C,Store_2,28.16,0,225,86
2023-04-23,Product_C,Store_2,22.9,1,144,125
2023-04-24,Product_C,Store_2,28.39,0,153,67
2023-04-25,Product_C,Store_2,16.81,0,23,73
2023-04-26,Product_C,Store_2,11.97,0,179,55
2023-04-27,Product_C,Store_2,11.01,0,193,77
2023-04-28,Product_C,Store_2,11.27,1,82,88
2023-04-29,Product_C,Store_2,28.76,0,71,71
2023-04-30,Product_C,Store_2,9.33,0,201,72
2023-05-01,Product_C,Store_2,9.07,0,23,57
2023-05-02,Product_C,Store_2,10.6,0,186,61
2023-05-03,Product_C,Store_2,15.48,0,110,52
2023-05-04,Product_C,Store_2,17.64,1,31,98
2023-05-05,Product_C,Store_2,24.86,1,237,114
2023-05-06,Product_C,Store_2,23.51,0,193,79
2023-05-07,Product_C,Store_2,8.81,0,214,87
2023-05-08,Product_C,Store_2,13.83,1,183,111
2023-05-09,Product_C,Store_2,10.38,0,99,49
2023-05-10,Product_C,Store_2,15.52,0,94,66
2023-05-11,Product_C,Store_2,17.37,0,185,51
2023-05-12,Product_C,Store_2,20.03,1,136,130
2023-05-13,Product_C,Store_2,19.0,0,75,74
2023-05-14,Product_C,Store_2,22.92,0,197,83
2023-05-15,Product_C,Store_2,27.73,0,87,67
2023-05-16,Product_C,Store_2,23.96,0,27,43
2023-05-17,Product_C,Store_2,28.71,0,156,58
2023-05-18,Product_C,Store_2,16.43,0,67,46
2023-05-19,Product_C,Store_2,15.33,1,175,119
2023-05-20,Product_C,Store_2,20.09,0,183,83
2023-05-21,Product_C,Store_2,23.38,1,210,124
2023-05-22,Product_C,Store_2,21.1,0,244,55
2023-05-23,Product_C,Store_2,10.85,0,76,62
2023-05-24,Product_C,Store_2,9.07,0,55,64
2023-05-25,Product_C,Store_2,13.74,1,105,94
2023-05-26,Product_C,Store_2,23.73,0,27,52
2023-05-27,Product_C,Store_2,27.87,0,53,74
2023-05-28,Product_C,Store_2,20.62,0,121,80
2023-05-29,Product_C,Store_2,23.68,0,102,64
2023-05-30,Product_C,Store_2,29.55,0,50,67
2023-05-31,Product_C,Store_2,19.92,0,183,46
2023-06-01,Product_C,Store_2,8.96,0,138,66
2023-06-02,Product_C,Store_2,28.97,0,186,53
2023-06-03,Product_C,Store_2,23.29,0,210,65
2023-06-04,Product_C,Store_2,19.74,0,152,75
2023-06-05,Product_C,Store_2,8.88,1,176,69
2023-06-06,Product_C,Store_2,24.74,0,151,45
2023-06-07,Product_C,Store_2,23.7,0,79,70
2023-06-08,Product_C,Store_2,8.71,0,170,61
2023-06-09,Product_C,Store_2,29.88,0,141,77
2023-06-10,Product_C,Store_2,9.4,0,240,76
2023-06-11,Product_C,Store_2,11.08,0,121,62
2023-06-12,Product_C,Store_2,26.87,0,170,58
2023-06-13,Product_C,Store_2,29.93,0,130,51
2023-06-14,Product_C,Store_2,28.13,0,39,43
2023-06-15,Product_C,Store_2,24.89,0,126,61
2023-06-16,Product_C,Store_2,8.96,1,200,106
2023-06-17,Product_C,Store_2,20.32,0,53,75
2023-06-18,Product_C,Store_2,27.4,0,46,66
2023-06-19,Product_C,Store_2,17.27,0,191,33
2023-06-20,Product_C,Store_2,25.39,0,66,60
2023-06-21,Product_C,Store_2,28.93,0,232,56
2023-06-22,Product_C,Store_2,20.77,0,29,55
2023-06-23,Product_C,Store_2,29.94,0,90,58
2023-06-24,Product_C,Store_2,26.28,0,103,74
2023-06-25,Product_C,Store_2,24.04,0,76,64
2023-06-26,Product_C,Store_2,20.77,0,152,46
2023-06-27,Product_C,Store_2,10.83,0,214,51
2023-06-28,Product_C,Store_2,22.04,0,96,60
2023-06-29,Product_C,Store_2,9.4,0,220,47
2023-06-30,Product_C,Store_2,13.34,1,164,74
2023-07-01,Product_C,Store_2,17.5,1,241,77
2023-07-02,Product_C,Store_2,25.63,0,177,59
2023-07-03,Product_C,Store_2,20.83,1,21,76
2023-07-04,Product_C,Store_2,8.67,0,87,52
2023-07-05,Product_C,Store_2,26.57,0,225,58
2023-07-06,Product_C,Store_2,15.1,1,170,98
2023-07-07,Product_C,Store_2,15.47,0,143,55
2023-07-08,Product_C,Store_2,9.4,0,128,71
2023-07-09,Product_C,Store_2,23.57,0,197,72
2023-07-10,Product_C,Store_2,24.53,0,128,35
2023-07-11,Product_C,Store_2,27.42,0,188,55
2023-07-12,Product_C,Store_2,17.89,0,67,45
2023-07-13,Product_C,Store_2,29.91,1,223,73
2023-07-14,Product_C,Store_2,24.92,0,213,33
2023-07-15,Product_C,Store_2,13.34,0,212,64
2023-07-16,Product_C,Store_2,11.91,0,91,45
2023-07-17,Product_C,Store_2,11.79,0,65,38
2023-07-18,Product_C,Store_2,11.24,0,215,48
2023-07-19,Product_C,Store_2,19.85,0,152,47
2023-07-20,Product_C,Store_2,26.83,0,166,43
2023-07-21,Product_C,Store_2,28.64,0,160,55
2023-07-22,Product_C,Store_2,11.04,1,175,78
2023-07-23,Product_C,Store_2,12.83,0,138,54
2023-07-24,Product_C,Store_2,11.58,0,187,41
2023-07-25,Product_C,Store_2,19.48,0,190,47
2023-07-26,Product_C,Store_2,16.45,0,138,38
2023-07-27,Product_C,Store_2,13.32,0,52,51
2023-07-28,Product_C,Store_2,13.53,1,90,50
2023-07-29,Product_C,Store_2,21.44,0,183,61
2023-07-30,Product_C,Store_2,27.47,1,224,82
2023-07-31,Product_C,Store_2,16.17,0,175,41
2023-08-01,Product_C,Store_2,9.64,0,27,38
2023-08-02,Product_C,Store_2,22.11,0,192,30
2023-08-03,Product_C,Store_2,11.05,0,115,47
2023-08-04,Product_C,Store_2,13.27,0,82,37
2023-08-05,Product_C,Store_2,14.93,0,168,38
2023-08-06,Product_C,Store_2,11.64,0,179,69
2023-08-07,Product_C,Store_2,16.48,0,141,26
2023-08-08,Product_C,Store_2,29.33,1,124,74
2023-08-09,Product_C,Store_2,17.55,0,241,36
2023-08-10,Product_C,Store_2,28.76,0,141,23
2023-08-11,Product_C,Store_2,12.83,1,182,80
2023-08-12,Product_C,Store_2,24.75,0,200,53
2023-08-13,Product_C,Store_2,9.25,0,177,73
2023-08-14,Product_C,Store_2,24.53,1,198,39
2023-08-15,Product_C,Store_2,28.37,0,91,53
2023-08-16,Product_C,Store_2,17.24,0,95,38
2023-08-17,Product_C,Store_2,21.13,0,81,20
2023-08-18,Product_C,Store_2,18.9,0,54,40
2023-08-19,Product_C,Store_2,15.44,0,34,46
2023-08-20,Product_C,Store_2,15.22,0,245,44
2023-08-21,Product_C,Store_2,23.94,0,189,28
2023-08-22,Product_C,Store_2,26.62,1,103,84
2023-08-23,Product_C,Store_2,12.25,0,45,31
2023-08-24,Product_C,Store_2,23.82,0,136,19
2023-08-25,Product_C,Store_2,27.53,0,97,24
2023-08-26,Product_C,Store_2,15.33,0,95,36
2023-08-27,Product_C,Store_2,11.61,0,139,57
2023-08-28,Product_C,Store_2,11.42,0,26,33
2023-08-29,Product_C,Store_2,25.15,0,191,42
2023-08-30,Product_C,Store_2,23.17,0,206,28
2023-08-31,Product_C,Store_2,20.53,0,25,38
2023-09-01,Product_C,Store_2,28.21,0,24,28
2023-09-02,Product_C,Store_2,25.06,0,75,25
2023-09-03,Product_C,Store_2,17.91,0,152,69
2023-09-04,Product_C,Store_2,20.44,0,47,32
2023-09-05,Product_C,Store_2,17.35,0,108,29
2023-09-06,Product_C,Store_2,14.07,0,117,29
2023-09-07,Product_C,Store_2,27.29,0,106,22
2023-09-08,Product_C,Store_2,16.98,0,135,26
2023-09-09,Product_C,Store_2,23.21,0,90,42
2023-09-10,Product_C,Store_2,13.67,0,246,25
2023-09-11,Product_C,Store_2,9.66,1,106,60
2023-09-12,Product_C,Store_2,21.22,0,25,28
2023-09-13,Product_C,Store_2,22.39,0,184,18
2023-09-14,Product_C,Store_2,15.29,0,72,21
2023-09-15,Product_C,Store_2,21.56,0,164,23
2023-09-16,Product_C,Store_2,19.07,0,233,50
2023-09-17,Product_C,Store_2,9.4,0,23,39
2023-09-18,Product_C,Store_2,17.0,0,97,39
2023-09-19,Product_C,Store_2,13.86,0,101,28
2023-09-20,Product_C,Store_2,14.74,0,218,25
2023-09-21,Product_C,Store_2,21.23,0,138,15
2023-09-22,Product_C,Store_2,21.43,0,47,23
2023-09-23,Product_C,Store_2,24.49,0,55,45
2023-09-24,Product_C,Store_2,28.16,0,136,42
2023-09-25,Product_C,Store_2,17.61,0,194,27
2023-09-26,Product_C,Store_2,9.17,0,161,9
2023-09-27,Product_C,Store_2,18.94,0,105,0
2023-09-28,Product_C,Store_2,17.29,0,164,26
2023-09-29,Product_C,Store_2,16.22,0,179,14
2023-09-30,Product_C,Store_2,27.57,0,143,24
2023-10-01,Product_C,Store_2,11.48,0,131,46
2023-10-02,Product_C,Store_2,29.64,0,129,28
2023-10-03,Product_C,Store_2,17.38,0,213,12
2023-10-04,Product_C,Store_2,14.51,1,221,56
2023-10-05,Product_C,Store_2,24.76,0,186,19
2023-10-06,Product_C,Store_2,28.39,1,106,83
2023-10-07,Product_C,Store_2,16.57,0,194,44
2023-10-08,Product_C,Store_2,10.05,0,51,61
2023-10-09,Product_C,Store_2,20.26,0,163,18
2023-10-10,Product_C,Store_2,25.06,0,52,33
2023-10-11,Product_C,Store_2,21.91,0,144,52
2023-10-12,Product_C,Store_2,21.7,0,184,34
2023-10-13,Product_C,Store_2,19.15,0,49,28
2023-10-14,Product_C,Store_2,15.79,0,156,41
2023-10-15,Product_C,Store_2,17.62,0,184,45
2023-10-16,Product_C,Store_2,10.77,0,82,23
2023-10-17,Product_C,Store_2,8.02,1,155,66
2023-10-18,Product_C,Store_2,22.97,1,57,66
2023-10-19,Product_C,Store_2,26.79,0,225,12
2023-10-20,Product_C,Store_2,15.01,0,166,30
2023-10-21,Product_C,Store_2,27.55,0,22,32
2023-10-22,Product_C,Store_2,25.28,0,183,40
2023-10-23,Product_C,Store_2,28.88,0,176,14
2023-10-24,Product_C,Store_2,19.66,0,102,48
2023-10-25,Product_C,Store_2,20.93,0,125,47
2023-10-26,Product_C,Store_2,17.01,0,161,43
2023-10-27,Product_C,Store_2,22.39,1,67,63
2023-10-28,Product_C,Store_2,9.81,0,172,23
2023-10-29,Product_C,Store_2,11.06,0,102,37
2023-10-30,Product_C,Store_2,9.39,0,146,24
2023-10-31,Product_C,Store_2,13.44,0,113,38
2023-11-01,Product_C,Store_2,13.94,1,229,80
2023-11-02,Product_C,Store_2,25.62,1,33,58
2023-11-03,Product_C,Store_2,13.95,0,208,31
2023-11-04,Product_C,Store_2,11.19,0,218,48
2023-11-05,Product_C,Store_2,29.19,0,69,70
2023-11-06,Product_C,Store_2,19.67,0,174,34
2023-11-07,Product_C,Store_2,15.98,0,83,35
2023-11-08,Product_C,Store_2,27.17,0,215,20
2023-11-09,Product_C,Store_2,16.52,0,158,25
2023-11-10,Product_C,Store_2,27.48,0,99,47
2023-11-11,Product_C,Store_2,11.83,1,234,76
2023-11-12,Product_C,Store_2,27.82,0,77,55
2023-11-13,Product_C,Store_2,11.69,0,133,26
2023-11-14,Product_C,Store_2,14.15,0,87,46
2023-11-15,Product_C,Store_2,18.2,0,163,9
2023-11-16,Product_C,Store_2,25.58,0,132,36
2023-11-17,Product_C,Store_2,19.05,0,224,23
2023-11-18,Product_C,Store_2,13.9,0,155,49
2023-11-19,Product_C,Store_2,15.97,0,111,53
2023-11-20,Product_C,Store_2,17.27,0,55,22
2023-11-21,Product_C,Store_2,17.73,0,77,38
2023-11-22,Product_C,Store_2,15.47,0,156,30
2023-11-23,Product_C,Store_2,25.37,0,184,43
2023-11-24,Product_C,Store_2,26.63,1,180,66
2023-11-25,Product_C,Store_2,11.49,1,238,96
2023-11-26,Product_C,Store_2,12.68,0,41,57
2023-11-27,Product_C,Store_2,22.03,0,198,41
2023-11-28,Product_C,Store_2,10.99,0,202,31
2023-11-29,Product_C,Store_2,24.32,0,194,35
2023-11-30,Product_C,Store_2,15.04,0,225,29
2023-12-01,Product_C,Store_2,19.68,1,209,75
2023-12-02,Product_C,Store_2,22.64,0,169,48
2023-12-03,Product_C,Store_2,20.42,0,38,47
2023-12-04,Product_C,Store_2,27.68,0,161,23
2023-12-05,Product_C,Store_2,24.55,0,213,42
2023-12-06,Product_C,Store_2,13.74,0,124,34
2023-12-07,Product_C,Store_2,22.33,0,218,47
2023-12-08,Product_C,Store_2,29.25,0,50,55
2023-12-09,Product_C,Store_2,28.08,1,91,73
2023-12-10,Product_C,Store_2,25.01,0,101,70
2023-12-11,Product_C,Store_2,23.69,1,232,101
2023-12-12,Product_C,Store_2,18.33,0,166,29
2023-12-13,Product_C,Store_2,18.85,0,234,38
2023-12-14,Product_C,Store_2,23.32,0,116,37
2023-12-15,Product_C,Store_2,25.52,1,98,81
2023-12-16,Product_C,Store_2,23.55,0,61,50
2023-12-17,Product_C,Store_2,17.01,1,25,141
2023-12-18,Product_C,Store_2,28.84,0,32,61
2023-12-19,Product_C,Store_2,21.99,0,45,28
2023-12-20,Product_C,Store_2,18.09,0,46,48
2023-12-21,Product_C,Store_2,18.98,0,235,54
2023-12-22,Product_C,Store_2,17.01,1,45,78
2023-12-23,Product_C,Store_2,27.61,1,183,106
2023-12-24,Product_C,Store_2,28.73,0,204,83
2023-12-25,Product_C,Store_2,12.21,0,120,50
2023-12-26,Product_C,Store_2,29.5,0,216,45
2023-12-27,Product_C,Store_2,25.7,0,228,54
2023-12-28,Product_C,Store_2,10.55,0,230,33
2023-12-29,Product_C,Store_2,13.36,1,54,96
2023-12-30,Product_C,Store_2,18.09,0,104,54
2023-12-31,Product_C,Store_2,27.47,0,82,56
